cycle_date,device_type,firmware_from,firmware_to,region,test_pass_rate,schema_drift_events,upgrade_duration_actual_min,post_upgrade_incidents_30d,outage_occurred,outage_severity
2024-07-02,CaaS-Node-Type-A,24.01,24.06,Northwest,0.904,3,333,2,False,none
2024-07-02,CaaS-Node-Type-A,23.12,24.01,Northeast,0.855,0,210,0,False,none
2024-07-03,CaaS-Node-Type-A,24.01,24.12,South_Central,0.881,2,215,1,False,none
2024-07-03,CaaS-Node-Type-C,22.12,23.12,Northwest,0.939,0,318,2,False,none
2024-07-03,CaaS-Node-Type-A,22.12,23.06,Northwest,0.931,1,359,1,False,none
2024-07-03,CaaS-Node-Type-C,23.12,24.06,Southwest,0.943,0,346,0,False,none
2024-07-04,CaaS-Node-Type-A,22.12,23.12,South_Central,0.884,0,145,0,False,none
2024-07-05,CaaS-Node-Type-C,22.12,23.06,Southeast,0.948,0,326,0,False,none
2024-07-06,CaaS-Node-Type-B,24.01,24.12,Southeast,0.851,2,261,2,False,none
2024-07-07,CaaS-Node-Type-B,23.06,24.01,Southeast,0.55,0,238,2,False,none
2024-07-07,CaaS-Node-Type-C,22.12,23.12,Northeast,0.904,0,172,8,False,none
2024-07-08,CaaS-Node-Type-A,22.12,23.06,Southeast,0.904,1,278,2,False,none
2024-07-08,CaaS-Node-Type-A,24.01,24.06,Southwest,0.941,0,269,1,False,none
2024-07-08,CaaS-Node-Type-A,23.06,24.01,Midwest,0.948,0,208,0,False,none
2024-07-09,CaaS-Node-Type-A,23.12,24.01,Midwest,0.915,0,325,1,False,none
2024-07-09,CaaS-Node-Type-C,24.06,24.12,Southeast,0.896,3,163,0,False,none
2024-07-09,CaaS-Node-Type-B,22.12,23.12,Southeast,0.856,0,338,0,False,none
2024-07-10,CaaS-Node-Type-B,23.06,24.01,Midwest,0.55,0,121,0,False,none
2024-07-11,CaaS-Node-Type-A,23.06,24.01,Northeast,0.902,0,235,2,False,none
2024-07-12,CaaS-Node-Type-A,23.06,23.12,Midwest,0.92,1,151,5,False,none
2024-07-12,CaaS-Node-Type-B,23.06,23.12,Midwest,0.55,0,130,4,False,none
2024-07-13,CaaS-Node-Type-C,23.12,24.01,Southwest,0.882,2,240,1,False,none
2024-07-13,CaaS-Node-Type-A,24.01,24.06,Midwest,0.902,3,289,3,False,none
2024-07-13,CaaS-Node-Type-C,23.12,24.01,South_Central,0.908,0,342,0,False,none
2024-07-14,CaaS-Node-Type-B,23.12,24.01,Southeast,0.918,0,370,0,False,none
2024-07-14,CaaS-Node-Type-A,24.06,24.12,Southwest,0.896,0,292,0,False,none
2024-07-15,CaaS-Node-Type-A,22.12,23.06,Northwest,0.95,0,247,0,False,none
2024-07-15,CaaS-Node-Type-A,23.06,23.12,Northwest,0.921,0,343,3,False,none
2024-07-15,CaaS-Node-Type-C,23.06,24.01,Midwest,0.944,2,187,3,False,none
2024-07-17,CaaS-Node-Type-C,22.12,23.12,Northeast,0.865,1,142,0,False,none
2024-07-18,CaaS-Node-Type-A,23.12,24.01,South_Central,0.915,0,230,2,False,none
2024-07-18,CaaS-Node-Type-A,22.12,23.12,Midwest,0.893,3,335,0,False,none
2024-07-19,CaaS-Node-Type-C,23.12,24.01,South_Central,0.958,2,174,5,False,none
2024-07-19,CaaS-Node-Type-C,22.12,23.12,Northwest,0.912,1,148,1,False,none
2024-07-20,CaaS-Node-Type-C,23.12,24.01,Northwest,0.894,0,348,2,False,none
2024-07-20,CaaS-Node-Type-C,23.06,24.01,Southeast,0.916,0,149,3,False,none
2024-07-21,CaaS-Node-Type-B,23.06,23.12,Southeast,0.55,0,202,5,False,none
2024-07-21,CaaS-Node-Type-A,24.06,24.12,Midwest,0.884,0,380,0,False,none
2024-07-21,CaaS-Node-Type-A,22.12,23.06,Northeast,0.878,2,348,0,False,none
2024-07-21,CaaS-Node-Type-B,24.01,24.12,Southeast,0.893,0,332,2,False,none
2024-07-21,CaaS-Node-Type-C,24.01,24.12,South_Central,0.895,1,178,1,False,none
2024-07-22,CaaS-Node-Type-B,22.12,23.06,Midwest,0.86,0,301,0,False,none
2024-07-22,CaaS-Node-Type-B,24.01,24.12,Northwest,0.85,3,264,0,False,none
2024-07-22,CaaS-Node-Type-B,23.12,24.06,Northeast,0.811,1,120,0,False,none
2024-07-22,CaaS-Node-Type-C,22.12,23.12,Southeast,0.947,0,285,3,False,none
2024-07-23,CaaS-Node-Type-A,23.12,24.01,Northwest,0.918,1,338,0,False,none
2024-07-24,CaaS-Node-Type-B,23.12,24.06,Midwest,0.854,1,290,0,False,none
2024-07-24,CaaS-Node-Type-B,23.06,24.01,South_Central,0.55,3,267,5,False,none
2024-07-24,CaaS-Node-Type-A,24.01,24.12,Southwest,0.888,0,213,0,False,none
2024-07-25,CaaS-Node-Type-A,22.12,23.12,Southwest,0.884,0,226,0,False,none
2024-07-26,CaaS-Node-Type-B,23.12,24.01,Midwest,0.916,2,215,4,False,none
2024-07-26,CaaS-Node-Type-A,23.12,24.06,South_Central,0.955,0,132,0,False,none
2024-07-26,CaaS-Node-Type-C,23.06,23.12,South_Central,0.941,0,241,2,False,none
2024-07-27,CaaS-Node-Type-C,24.01,24.12,Northwest,0.904,0,367,1,False,none
2024-07-27,CaaS-Node-Type-C,23.06,23.12,Southeast,0.885,0,149,0,False,none
2024-07-28,CaaS-Node-Type-A,23.06,23.12,Northeast,0.902,0,143,1,False,none
2024-07-28,CaaS-Node-Type-B,23.12,24.01,Northwest,0.907,0,239,0,False,none
2024-07-29,CaaS-Node-Type-C,23.06,24.01,Midwest,0.882,0,321,5,False,none
2024-07-29,CaaS-Node-Type-B,23.06,23.12,Midwest,0.55,0,379,0,False,none
2024-07-29,CaaS-Node-Type-C,24.06,24.12,South_Central,0.938,2,178,3,False,none
2024-07-29,CaaS-Node-Type-C,22.12,23.12,South_Central,0.939,0,158,0,False,none
2024-07-30,CaaS-Node-Type-A,23.06,24.01,Southwest,0.951,1,307,0,False,none
2024-07-30,CaaS-Node-Type-A,24.01,24.06,South_Central,0.942,1,299,4,False,none
2024-07-30,CaaS-Node-Type-B,24.01,24.06,Southeast,0.855,0,363,1,False,none
2024-07-30,CaaS-Node-Type-C,23.06,24.01,Midwest,0.924,0,273,0,False,none
2024-07-30,CaaS-Node-Type-B,24.01,24.06,Southwest,0.887,1,307,2,False,none
2024-07-31,CaaS-Node-Type-B,23.12,24.06,Northwest,0.907,0,124,1,False,none
2024-07-31,CaaS-Node-Type-A,24.01,24.12,South_Central,0.936,1,204,1,False,none
2024-08-01,CaaS-Node-Type-A,22.12,23.06,Southwest,0.897,0,300,12,True,minor
2024-08-01,CaaS-Node-Type-C,23.06,24.01,Northeast,0.858,0,248,8,False,none
2024-08-01,CaaS-Node-Type-A,23.06,23.12,Midwest,0.909,1,268,3,False,none
2024-08-02,CaaS-Node-Type-B,23.06,24.01,Midwest,0.55,3,304,1,False,none
2024-08-02,CaaS-Node-Type-B,23.06,24.01,Midwest,0.55,0,129,4,False,none
2024-08-02,CaaS-Node-Type-C,22.12,23.06,Midwest,0.957,0,198,0,False,none
2024-08-03,CaaS-Node-Type-B,24.06,24.12,Southeast,0.857,2,330,0,False,none
2024-08-03,CaaS-Node-Type-C,24.06,24.12,South_Central,0.9,0,178,2,False,none
2024-08-04,CaaS-Node-Type-C,24.06,24.12,Northeast,0.885,0,229,3,False,none
2024-08-05,CaaS-Node-Type-A,22.12,23.06,Southwest,0.906,0,258,0,False,none
2024-08-06,CaaS-Node-Type-C,23.12,24.01,Midwest,0.934,0,369,1,False,none
2024-08-06,CaaS-Node-Type-A,22.12,23.06,Midwest,0.89,0,337,1,False,none
2024-08-07,CaaS-Node-Type-A,24.01,24.06,Northeast,0.895,2,150,3,False,none
2024-08-07,CaaS-Node-Type-C,24.01,24.06,Midwest,0.918,2,255,0,False,none
2024-08-08,CaaS-Node-Type-B,23.06,23.12,Southeast,0.55,0,229,0,False,none
2024-08-08,CaaS-Node-Type-A,23.12,24.01,South_Central,0.933,0,231,2,False,none
2024-08-08,CaaS-Node-Type-A,23.12,24.06,Northeast,0.858,0,163,1,False,none
2024-08-09,CaaS-Node-Type-B,24.06,24.12,Southeast,0.902,1,312,0,False,none
2024-08-09,CaaS-Node-Type-A,24.06,24.12,Southwest,0.954,3,334,0,False,none
2024-08-10,CaaS-Node-Type-A,24.01,24.06,Southeast,0.928,2,324,4,False,none
2024-08-10,CaaS-Node-Type-B,23.06,23.12,Northwest,0.55,3,141,0,False,none
2024-08-11,CaaS-Node-Type-A,23.12,24.06,South_Central,0.937,0,378,1,False,none
2024-08-11,CaaS-Node-Type-A,23.12,24.06,South_Central,0.93,0,258,2,False,none
2024-08-13,CaaS-Node-Type-B,24.06,24.12,South_Central,0.852,0,217,4,False,none
2024-08-13,CaaS-Node-Type-B,24.01,24.06,Southeast,0.883,2,195,0,False,none
2024-08-13,CaaS-Node-Type-A,24.01,24.06,Southwest,0.901,0,163,1,False,none
2024-08-13,CaaS-Node-Type-C,22.12,23.06,Northeast,0.831,1,367,1,False,none
2024-08-15,CaaS-Node-Type-A,23.06,23.12,Northwest,0.944,0,319,0,False,none
2024-08-15,CaaS-Node-Type-C,24.01,24.06,Northwest,0.897,1,194,0,False,none
2024-08-15,CaaS-Node-Type-A,24.01,24.12,Northwest,0.914,1,367,12,True,minor
2024-08-15,CaaS-Node-Type-C,24.01,24.12,South_Central,0.888,0,281,5,False,none
2024-08-15,CaaS-Node-Type-C,24.01,24.12,South_Central,0.911,1,328,0,False,none
2024-08-16,CaaS-Node-Type-C,22.12,23.12,Northeast,0.851,1,328,3,False,none
2024-08-16,CaaS-Node-Type-A,24.01,24.06,Midwest,0.883,0,339,1,False,none
2024-08-17,CaaS-Node-Type-A,24.06,24.12,Southwest,0.922,1,133,3,False,none
2024-08-18,CaaS-Node-Type-A,22.12,23.06,Midwest,0.916,1,334,5,False,none
2024-08-18,CaaS-Node-Type-C,22.12,23.12,South_Central,0.937,1,310,0,False,none
2024-08-18,CaaS-Node-Type-C,23.06,24.01,Southwest,0.957,0,337,2,False,none
2024-08-18,CaaS-Node-Type-B,23.12,24.01,Southeast,0.884,0,216,0,False,none
2024-08-18,CaaS-Node-Type-A,23.12,24.06,South_Central,0.918,0,257,0,False,none
2024-08-19,CaaS-Node-Type-A,23.12,24.06,Southeast,0.896,0,300,2,False,none
2024-08-20,CaaS-Node-Type-B,23.06,23.12,Midwest,0.55,0,121,0,False,none
2024-08-21,CaaS-Node-Type-B,22.12,23.06,Northwest,0.879,1,362,2,False,none
2024-08-21,CaaS-Node-Type-A,22.12,23.06,Southeast,0.895,1,234,0,False,none
2024-08-21,CaaS-Node-Type-B,24.01,24.12,Southeast,0.907,0,333,1,False,none
2024-08-22,CaaS-Node-Type-B,23.12,24.06,Northeast,0.833,2,290,1,False,none
2024-08-22,CaaS-Node-Type-B,22.12,23.12,Midwest,0.855,2,152,1,False,none
2024-08-23,CaaS-Node-Type-C,23.12,24.01,South_Central,0.948,0,170,0,False,none
2024-08-23,CaaS-Node-Type-A,23.06,24.01,South_Central,0.953,0,247,1,False,none
2024-08-23,CaaS-Node-Type-C,24.06,24.12,Midwest,0.885,0,311,3,False,none
2024-08-23,CaaS-Node-Type-B,24.06,24.12,Midwest,0.887,0,160,4,False,none
2024-08-24,CaaS-Node-Type-B,23.12,24.01,Southeast,0.905,2,120,3,False,none
2024-08-25,CaaS-Node-Type-A,22.12,23.06,Southwest,0.885,2,237,2,False,none
2024-08-25,CaaS-Node-Type-B,24.01,24.12,Midwest,0.856,1,143,0,False,none
2024-08-26,CaaS-Node-Type-A,22.12,23.06,Northwest,0.914,0,308,0,False,none
2024-08-26,CaaS-Node-Type-C,22.12,23.06,Southwest,0.909,1,347,2,False,none
2024-08-26,CaaS-Node-Type-C,24.06,24.12,Midwest,0.891,0,349,0,False,none
2024-08-26,CaaS-Node-Type-C,23.06,23.12,Southeast,0.944,0,354,0,False,none
2024-08-26,CaaS-Node-Type-A,23.06,24.01,Northwest,0.948,0,197,0,False,none
2024-08-27,CaaS-Node-Type-A,23.12,24.06,Midwest,0.928,0,226,2,False,none
2024-08-28,CaaS-Node-Type-A,24.01,24.06,South_Central,0.952,0,185,0,False,none
2024-08-29,CaaS-Node-Type-B,23.06,23.12,South_Central,0.55,0,228,0,False,none
2024-08-29,CaaS-Node-Type-B,24.01,24.06,Northwest,0.865,0,357,1,False,none
2024-08-30,CaaS-Node-Type-B,22.12,23.12,Southeast,0.88,0,122,0,False,none
2024-08-30,CaaS-Node-Type-C,23.12,24.06,Southeast,0.886,0,123,1,False,none
2024-08-31,CaaS-Node-Type-B,23.12,24.06,Southwest,0.87,0,126,0,False,none
2024-09-01,CaaS-Node-Type-B,23.12,24.06,Northeast,0.8,0,289,3,False,none
2024-09-01,CaaS-Node-Type-B,24.01,24.06,Northeast,0.817,0,248,0,False,none
2024-09-01,CaaS-Node-Type-A,23.06,23.12,Northeast,0.888,0,201,3,False,none
2024-09-01,CaaS-Node-Type-C,22.12,23.12,Southwest,0.936,0,120,0,False,none
2024-09-02,CaaS-Node-Type-C,24.01,24.12,South_Central,0.883,3,197,4,False,none
2024-09-02,CaaS-Node-Type-A,23.12,24.01,Southwest,0.894,0,174,1,False,none
2024-09-03,CaaS-Node-Type-B,23.12,24.01,South_Central,0.905,1,288,2,False,none
2024-09-03,CaaS-Node-Type-B,22.12,23.12,Midwest,0.902,0,302,0,False,none
2024-09-04,CaaS-Node-Type-C,22.12,23.12,Northwest,0.891,0,227,1,False,none
2024-09-05,CaaS-Node-Type-A,24.01,24.12,Northwest,0.921,0,315,8,False,none
2024-09-05,CaaS-Node-Type-C,24.01,24.06,Northwest,0.936,1,163,0,False,none
2024-09-05,CaaS-Node-Type-A,22.12,23.06,Southeast,0.888,0,192,4,False,none
2024-09-06,CaaS-Node-Type-A,23.12,24.01,Northwest,0.903,1,122,0,False,none
2024-09-06,CaaS-Node-Type-A,23.12,24.01,Northeast,0.838,1,327,0,False,none
2024-09-06,CaaS-Node-Type-C,22.12,23.06,Southwest,0.903,0,378,3,False,none
2024-09-06,CaaS-Node-Type-A,22.12,23.12,Northeast,0.906,0,200,3,False,none
2024-09-06,CaaS-Node-Type-A,24.01,24.06,Southwest,0.916,0,296,0,False,none
2024-09-06,CaaS-Node-Type-A,23.12,24.01,Southeast,0.948,0,291,0,False,none
2024-09-08,CaaS-Node-Type-B,24.01,24.06,South_Central,0.872,2,143,2,False,none
2024-09-08,CaaS-Node-Type-B,22.12,23.12,Northeast,0.863,0,214,0,False,none
2024-09-08,CaaS-Node-Type-A,23.06,23.12,Southeast,0.895,0,221,0,False,none
2024-09-08,CaaS-Node-Type-B,24.01,24.06,Southwest,0.86,0,145,1,False,none
2024-09-08,CaaS-Node-Type-A,23.06,23.12,Northwest,0.908,0,294,0,False,none
2024-09-09,CaaS-Node-Type-C,23.06,24.01,Northwest,0.942,2,172,0,False,none
2024-09-09,CaaS-Node-Type-C,23.12,24.01,Northwest,0.924,1,170,2,False,none
2024-09-09,CaaS-Node-Type-A,23.12,24.01,Midwest,0.907,0,181,0,False,none
2024-09-09,CaaS-Node-Type-B,24.01,24.12,Southeast,0.859,0,140,1,False,none
2024-09-10,CaaS-Node-Type-C,24.01,24.06,Southwest,0.958,2,212,1,False,none
2024-09-10,CaaS-Node-Type-A,23.12,24.01,South_Central,0.894,1,287,2,False,none
2024-09-10,CaaS-Node-Type-B,22.12,23.12,Midwest,0.886,0,137,0,False,none
2024-09-11,CaaS-Node-Type-B,22.12,23.06,Southeast,0.913,0,360,0,False,none
2024-09-11,CaaS-Node-Type-C,22.12,23.12,Northeast,0.843,2,302,8,False,none
2024-09-12,CaaS-Node-Type-B,24.01,24.12,Southeast,0.872,2,323,0,False,none
2024-09-12,CaaS-Node-Type-B,22.12,23.12,Northeast,0.839,0,141,1,False,none
2024-09-12,CaaS-Node-Type-B,22.12,23.12,South_Central,0.87,0,275,0,False,none
2024-09-12,CaaS-Node-Type-B,23.06,24.01,Southeast,0.55,0,271,2,False,none
2024-09-13,CaaS-Node-Type-C,22.12,23.06,South_Central,0.959,0,163,0,False,none
2024-09-13,CaaS-Node-Type-B,23.12,24.01,Midwest,0.907,1,222,2,False,none
2024-09-13,CaaS-Node-Type-B,23.06,23.12,Southwest,0.55,0,157,1,False,none
2024-09-13,CaaS-Node-Type-C,24.01,24.12,Midwest,0.934,1,209,2,False,none
2024-09-13,CaaS-Node-Type-C,23.12,24.01,South_Central,0.943,2,300,2,False,none
2024-09-14,CaaS-Node-Type-A,24.01,24.06,Midwest,0.934,0,276,0,False,none
2024-09-15,CaaS-Node-Type-B,22.12,23.12,Southwest,0.898,0,297,0,False,none
2024-09-15,CaaS-Node-Type-A,22.12,23.12,Northeast,0.853,0,191,8,False,none
2024-09-15,CaaS-Node-Type-C,24.01,24.06,Midwest,0.949,0,314,2,False,none
2024-09-15,CaaS-Node-Type-B,23.06,24.01,Northwest,0.55,2,234,0,False,none
2024-09-15,CaaS-Node-Type-C,23.12,24.01,Northwest,0.894,1,334,3,False,none
2024-09-16,CaaS-Node-Type-C,22.12,23.06,Northeast,0.835,0,175,0,False,none
2024-09-16,CaaS-Node-Type-C,23.12,24.01,Southwest,0.956,1,220,1,False,none
2024-09-16,CaaS-Node-Type-C,23.12,24.06,Northeast,0.836,0,184,3,False,none
2024-09-16,CaaS-Node-Type-C,24.01,24.12,Midwest,0.949,3,335,2,False,none
2024-09-17,CaaS-Node-Type-A,22.12,23.06,South_Central,0.915,0,326,2,False,none
2024-09-17,CaaS-Node-Type-C,22.12,23.06,Southwest,0.917,0,243,1,False,none
2024-09-19,CaaS-Node-Type-C,23.12,24.06,Midwest,0.953,3,135,2,False,none
2024-09-19,CaaS-Node-Type-C,23.06,23.12,Midwest,0.923,0,320,0,False,none
2024-09-20,CaaS-Node-Type-B,23.12,24.06,Northwest,0.873,0,191,0,False,none
2024-09-20,CaaS-Node-Type-B,24.01,24.12,Northeast,0.818,2,153,1,False,none
2024-09-21,CaaS-Node-Type-A,23.06,24.01,South_Central,0.91,1,311,0,False,none
2024-09-21,CaaS-Node-Type-B,22.12,23.06,Southwest,0.872,0,283,8,False,none
2024-09-23,CaaS-Node-Type-C,24.01,24.12,Midwest,0.93,0,219,4,False,none
2024-09-23,CaaS-Node-Type-A,24.06,24.12,Northwest,0.898,2,197,3,False,none
2024-09-23,CaaS-Node-Type-B,24.06,24.12,Southeast,0.864,0,232,2,False,none
2024-09-23,CaaS-Node-Type-C,24.01,24.12,Southeast,0.924,1,380,0,False,none
2024-09-24,CaaS-Node-Type-A,22.12,23.12,Midwest,0.908,0,276,0,False,none
2024-09-24,CaaS-Node-Type-A,24.01,24.12,Northwest,0.897,1,328,2,False,none
2024-09-24,CaaS-Node-Type-B,23.06,24.01,Northwest,0.55,0,126,5,False,none
2024-09-24,CaaS-Node-Type-A,24.01,24.12,Northeast,0.832,0,351,2,False,none
2024-09-25,CaaS-Node-Type-A,23.06,24.01,Northwest,0.891,0,178,3,False,none
2024-09-25,CaaS-Node-Type-A,24.06,24.12,Northwest,0.918,0,338,3,False,none
2024-09-26,CaaS-Node-Type-C,23.06,23.12,Southeast,0.938,0,276,4,False,none
2024-09-26,CaaS-Node-Type-B,23.06,23.12,South_Central,0.55,0,294,4,False,none
2024-09-27,CaaS-Node-Type-C,24.01,24.06,Northeast,0.832,1,322,2,False,none
2024-09-27,CaaS-Node-Type-C,23.06,24.01,Northeast,0.837,1,183,0,False,none
2024-09-27,CaaS-Node-Type-A,23.06,23.12,South_Central,0.952,3,146,1,False,none
2024-09-27,CaaS-Node-Type-B,24.06,24.12,Northwest,0.882,1,250,0,False,none
2024-09-28,CaaS-Node-Type-A,22.12,23.06,Southeast,0.915,2,181,2,False,none
2024-09-28,CaaS-Node-Type-B,22.12,23.12,Northwest,0.905,0,213,0,False,none
2024-09-28,CaaS-Node-Type-A,23.12,24.01,Northwest,0.945,2,197,4,False,none
2024-09-28,CaaS-Node-Type-A,23.12,24.01,Southwest,0.907,0,182,1,False,none
2024-09-29,CaaS-Node-Type-B,23.06,23.12,Southwest,0.55,0,157,0,False,none
2024-09-29,CaaS-Node-Type-C,23.06,24.01,Northeast,0.832,0,304,0,False,none
2024-09-29,CaaS-Node-Type-A,24.01,24.06,Northwest,0.923,0,308,0,False,none
2024-09-30,CaaS-Node-Type-C,22.12,23.06,Southwest,0.917,0,193,0,False,none
2024-10-01,CaaS-Node-Type-A,22.12,23.12,Midwest,0.901,1,192,3,False,none
2024-10-01,CaaS-Node-Type-C,22.12,23.12,Midwest,0.894,0,223,3,False,none
2024-10-02,CaaS-Node-Type-B,22.12,23.06,Southwest,0.879,2,343,1,False,none
2024-10-03,CaaS-Node-Type-B,24.01,24.12,Southeast,0.909,0,189,0,False,none
2024-10-03,CaaS-Node-Type-B,22.12,23.12,Northeast,0.859,1,213,3,False,none
2024-10-04,CaaS-Node-Type-C,22.12,23.12,Northeast,0.895,0,190,0,False,none
2024-10-05,CaaS-Node-Type-A,23.12,24.06,Northwest,0.888,1,148,3,False,none
2024-10-05,CaaS-Node-Type-C,23.12,24.01,Northeast,0.851,0,163,0,False,none
2024-10-05,CaaS-Node-Type-B,24.06,24.12,Southeast,0.884,0,340,4,False,none
2024-10-05,CaaS-Node-Type-B,23.06,24.01,South_Central,0.55,2,196,0,False,none
2024-10-06,CaaS-Node-Type-A,24.01,24.12,Midwest,0.908,0,327,4,False,none
2024-10-06,CaaS-Node-Type-B,24.06,24.12,Southwest,0.902,1,245,3,False,none
2024-10-06,CaaS-Node-Type-C,24.06,24.12,Southwest,0.903,0,332,2,False,none
2024-10-06,CaaS-Node-Type-C,23.12,24.06,Southeast,0.891,0,187,0,False,none
2024-10-08,CaaS-Node-Type-A,23.06,24.01,Midwest,0.929,0,373,2,False,none
2024-10-09,CaaS-Node-Type-A,24.01,24.12,Northwest,0.948,0,191,2,False,none
2024-10-09,CaaS-Node-Type-A,23.12,24.06,Southeast,0.915,0,271,3,False,none
2024-10-09,CaaS-Node-Type-A,23.06,23.12,Northeast,0.877,0,244,0,False,none
2024-10-09,CaaS-Node-Type-C,23.12,24.06,Northeast,0.905,1,170,0,False,none
2024-10-10,CaaS-Node-Type-A,23.12,24.01,South_Central,0.936,0,143,0,False,none
2024-10-10,CaaS-Node-Type-B,24.01,24.06,Northeast,0.808,0,148,4,False,none
2024-10-11,CaaS-Node-Type-C,22.12,23.06,Northeast,0.858,2,318,0,False,none
2024-10-12,CaaS-Node-Type-A,23.12,24.01,Midwest,0.889,2,289,2,False,none
2024-10-12,CaaS-Node-Type-C,22.12,23.06,Southeast,0.891,1,310,1,False,none
2024-10-13,CaaS-Node-Type-A,24.01,24.06,Midwest,0.946,3,338,1,False,none
2024-10-14,CaaS-Node-Type-C,23.06,24.01,Northeast,0.861,2,138,4,False,none
2024-10-14,CaaS-Node-Type-C,23.12,24.06,Southwest,0.898,0,312,0,False,none
2024-10-14,CaaS-Node-Type-A,22.12,23.06,Northwest,0.892,3,272,3,False,none
2024-10-14,CaaS-Node-Type-B,22.12,23.06,Northwest,0.907,0,208,8,False,none
2024-10-15,CaaS-Node-Type-A,24.01,24.12,Southeast,0.946,0,182,0,False,none
2024-10-15,CaaS-Node-Type-B,24.01,24.06,Northeast,0.857,3,272,1,False,none
2024-10-15,CaaS-Node-Type-A,24.06,24.12,Midwest,0.928,0,284,0,False,none
2024-10-15,CaaS-Node-Type-B,22.12,23.06,Northwest,0.881,1,280,0,False,none
2024-10-16,CaaS-Node-Type-A,23.12,24.01,Southwest,0.958,0,238,1,False,none
2024-10-16,CaaS-Node-Type-B,24.01,24.12,South_Central,0.898,0,370,0,False,none
2024-10-16,CaaS-Node-Type-C,24.01,24.06,Southwest,0.924,0,148,0,False,none
2024-10-16,CaaS-Node-Type-A,24.01,24.06,Southeast,0.951,0,263,0,False,none
2024-10-17,CaaS-Node-Type-C,24.01,24.12,Southwest,0.92,0,289,0,False,none
2024-10-17,CaaS-Node-Type-C,23.12,24.06,Southwest,0.913,0,287,0,False,none
2024-10-18,CaaS-Node-Type-C,22.12,23.06,Southwest,0.9,0,353,2,False,none
2024-10-18,CaaS-Node-Type-B,23.12,24.01,Northeast,0.851,0,317,3,False,none
2024-10-18,CaaS-Node-Type-B,24.06,24.12,Southwest,0.851,0,375,1,False,none
2024-10-19,CaaS-Node-Type-B,24.06,24.12,Midwest,0.887,1,334,0,False,none
2024-10-19,CaaS-Node-Type-A,24.06,24.12,South_Central,0.908,0,243,0,False,none
2024-10-19,CaaS-Node-Type-A,23.12,24.01,Midwest,0.89,1,240,1,False,none
2024-10-20,CaaS-Node-Type-C,23.12,24.06,South_Central,0.886,0,329,4,False,none
2024-10-20,CaaS-Node-Type-A,22.12,23.06,Northwest,0.935,2,135,3,False,none
2024-10-20,CaaS-Node-Type-A,23.12,24.01,Northeast,0.881,0,243,1,False,none
2024-10-20,CaaS-Node-Type-B,23.12,24.06,Southwest,0.886,0,237,1,False,none
2024-10-20,CaaS-Node-Type-B,22.12,23.06,Northwest,0.906,2,342,3,False,none
2024-10-21,CaaS-Node-Type-B,23.12,24.01,South_Central,0.866,0,370,0,False,none
2024-10-21,CaaS-Node-Type-C,23.12,24.01,Southwest,0.942,0,164,1,False,none
2024-10-21,CaaS-Node-Type-A,22.12,23.06,Southwest,0.898,0,170,5,False,none
2024-10-23,CaaS-Node-Type-B,23.06,23.12,Northeast,0.55,1,334,1,False,none
2024-10-24,CaaS-Node-Type-B,24.06,24.12,Midwest,0.86,0,336,2,False,none
2024-10-25,CaaS-Node-Type-B,24.01,24.06,Southeast,0.884,2,168,0,False,none
2024-10-25,CaaS-Node-Type-B,23.12,24.01,Northwest,0.903,0,362,0,False,none
2024-10-25,CaaS-Node-Type-C,22.12,23.06,Southwest,0.953,0,345,1,False,none
2024-10-26,CaaS-Node-Type-B,22.12,23.12,South_Central,0.888,0,239,5,False,none
2024-10-26,CaaS-Node-Type-A,24.06,24.12,South_Central,0.911,2,222,0,False,none
2024-10-26,CaaS-Node-Type-C,23.06,24.01,South_Central,0.893,0,300,3,False,none
2024-10-26,CaaS-Node-Type-B,22.12,23.06,Northwest,0.873,0,174,3,False,none
2024-10-26,CaaS-Node-Type-A,23.12,24.06,Southwest,0.944,0,341,3,False,none
2024-10-26,CaaS-Node-Type-C,24.06,24.12,Northeast,0.856,1,124,1,False,none
2024-10-26,CaaS-Node-Type-B,23.12,24.06,Northwest,0.876,2,368,0,False,none
2024-10-26,CaaS-Node-Type-A,24.01,24.06,South_Central,0.925,0,289,4,False,none
2024-10-28,CaaS-Node-Type-A,22.12,23.12,Northeast,0.892,0,221,0,False,none
2024-10-29,CaaS-Node-Type-B,24.01,24.12,Midwest,0.856,1,253,0,False,none
2024-10-31,CaaS-Node-Type-B,23.06,24.01,Southwest,0.55,1,357,0,False,none
2024-11-01,CaaS-Node-Type-B,22.12,23.12,Southeast,0.894,0,223,2,False,none
2024-11-01,CaaS-Node-Type-B,23.12,24.06,Southwest,0.913,1,343,0,False,none
2024-11-01,CaaS-Node-Type-C,24.01,24.06,South_Central,0.915,1,236,3,False,none
2024-11-01,CaaS-Node-Type-A,23.06,23.12,Northeast,0.881,2,155,1,False,none
2024-11-02,CaaS-Node-Type-C,24.01,24.12,Southeast,0.934,0,147,0,False,none
2024-11-03,CaaS-Node-Type-B,22.12,23.06,Northwest,0.901,2,182,0,False,none
2024-11-04,CaaS-Node-Type-C,23.06,24.01,Midwest,0.927,0,191,2,False,none
2024-11-05,CaaS-Node-Type-B,23.12,24.06,Northeast,0.859,0,246,0,False,none
2024-11-06,CaaS-Node-Type-C,23.06,24.01,Southwest,0.881,0,321,1,False,none
2024-11-06,CaaS-Node-Type-B,24.01,24.06,Midwest,0.862,0,187,3,False,none
2024-11-07,CaaS-Node-Type-B,24.01,24.06,Southwest,0.863,2,121,8,False,none
2024-11-07,CaaS-Node-Type-C,23.12,24.06,Southwest,0.956,0,223,0,False,none
2024-11-08,CaaS-Node-Type-A,23.06,23.12,South_Central,0.906,0,315,2,False,none
2024-11-08,CaaS-Node-Type-A,23.12,24.06,Midwest,0.922,0,378,0,False,none
2024-11-08,CaaS-Node-Type-C,24.01,24.06,Northwest,0.913,0,287,0,False,none
2024-11-09,CaaS-Node-Type-A,22.12,23.12,South_Central,0.886,0,120,0,False,none
2024-11-09,CaaS-Node-Type-A,23.12,24.06,South_Central,0.929,2,161,2,False,none
2024-11-10,CaaS-Node-Type-B,23.12,24.01,Southeast,0.894,1,341,2,False,none
2024-11-10,CaaS-Node-Type-B,22.12,23.12,South_Central,0.867,0,245,1,False,none
2024-11-10,CaaS-Node-Type-A,22.12,23.06,Northeast,0.856,0,120,3,False,none
2024-11-10,CaaS-Node-Type-B,23.06,23.12,Southeast,0.55,0,170,0,False,none
2024-11-10,CaaS-Node-Type-B,23.12,24.01,Midwest,0.866,0,202,2,False,none
2024-11-11,CaaS-Node-Type-B,22.12,23.06,Southwest,0.909,0,244,0,False,none
2024-11-11,CaaS-Node-Type-A,22.12,23.12,Southeast,0.889,2,227,0,False,none
2024-11-12,CaaS-Node-Type-A,22.12,23.06,Southwest,0.953,0,349,0,False,none
2024-11-12,CaaS-Node-Type-A,23.12,24.01,South_Central,0.886,0,337,0,False,none
2024-11-12,CaaS-Node-Type-B,24.01,24.12,South_Central,0.858,0,315,0,False,none
2024-11-13,CaaS-Node-Type-B,22.12,23.12,Northeast,0.867,0,238,2,False,none
2024-11-13,CaaS-Node-Type-C,23.06,24.01,Southeast,0.94,1,235,2,False,none
2024-11-14,CaaS-Node-Type-B,24.06,24.12,Northeast,0.84,1,120,1,False,none
2024-11-14,CaaS-Node-Type-C,22.12,23.12,South_Central,0.883,0,215,0,False,none
2024-11-14,CaaS-Node-Type-C,22.12,23.12,Southwest,0.891,1,183,0,False,none
2024-11-14,CaaS-Node-Type-C,23.12,24.06,Northwest,0.927,1,257,3,False,none
2024-11-14,CaaS-Node-Type-B,23.12,24.06,South_Central,0.877,1,156,3,False,none
2024-11-15,CaaS-Node-Type-A,22.12,23.12,Southwest,0.937,0,169,0,False,none
2024-11-15,CaaS-Node-Type-A,24.01,24.12,Southwest,0.954,1,317,1,False,none
2024-11-15,CaaS-Node-Type-B,23.12,24.06,Northeast,0.849,0,248,0,False,none
2024-11-16,CaaS-Node-Type-C,23.12,24.01,Northwest,0.939,2,172,4,False,none
2024-11-17,CaaS-Node-Type-A,23.12,24.06,Northeast,0.836,0,129,0,False,none
2024-11-18,CaaS-Node-Type-B,24.01,24.06,Northeast,0.832,0,272,0,False,none
2024-11-18,CaaS-Node-Type-B,22.12,23.06,South_Central,0.919,1,183,1,False,none
2024-11-19,CaaS-Node-Type-B,22.12,23.12,Northwest,0.916,0,304,3,False,none
2024-11-20,CaaS-Node-Type-C,23.06,23.12,Southwest,0.957,1,175,0,False,none
2024-11-21,CaaS-Node-Type-C,24.01,24.06,South_Central,0.906,0,158,0,False,none
2024-11-21,CaaS-Node-Type-C,22.12,23.06,Southeast,0.915,1,238,0,False,none
2024-11-22,CaaS-Node-Type-C,24.01,24.06,Northwest,0.933,2,356,1,False,none
2024-11-22,CaaS-Node-Type-B,23.06,24.01,Southwest,0.55,0,211,5,False,none
2024-11-23,CaaS-Node-Type-B,24.01,24.06,Southwest,0.912,1,327,0,False,none
2024-11-23,CaaS-Node-Type-A,22.12,23.06,Northwest,0.936,0,373,0,False,none
2024-11-23,CaaS-Node-Type-C,23.06,23.12,Northwest,0.881,0,201,1,False,none
2024-11-23,CaaS-Node-Type-A,23.12,24.06,Northwest,0.906,0,218,1,False,none
2024-11-23,CaaS-Node-Type-A,23.12,24.06,Northwest,0.918,1,169,5,False,none
2024-11-23,CaaS-Node-Type-C,22.12,23.12,South_Central,0.899,0,354,0,False,none
2024-11-24,CaaS-Node-Type-C,22.12,23.06,South_Central,0.957,2,182,2,False,none
2024-11-24,CaaS-Node-Type-B,23.06,23.12,South_Central,0.55,1,160,0,False,none
2024-11-24,CaaS-Node-Type-C,23.06,24.01,Midwest,0.916,0,352,0,False,none
2024-11-25,CaaS-Node-Type-C,22.12,23.06,Midwest,0.885,1,280,1,False,none
2024-11-25,CaaS-Node-Type-A,24.01,24.12,Northeast,0.851,0,267,0,False,none
2024-11-26,CaaS-Node-Type-A,23.12,24.01,Northeast,0.906,1,291,3,False,none
2024-11-26,CaaS-Node-Type-C,23.06,24.01,Northwest,0.915,1,215,2,False,none
2024-11-26,CaaS-Node-Type-B,24.06,24.12,Midwest,0.893,0,248,1,False,none
2024-11-27,CaaS-Node-Type-B,23.12,24.01,South_Central,0.88,0,367,0,False,none
2024-11-27,CaaS-Node-Type-B,22.12,23.12,Northwest,0.857,1,132,2,False,none
2024-11-27,CaaS-Node-Type-A,23.12,24.01,Northwest,0.91,3,130,1,False,none
2024-11-27,CaaS-Node-Type-A,24.01,24.12,Midwest,0.913,2,254,5,False,none
2024-11-28,CaaS-Node-Type-C,24.06,24.12,Southeast,0.953,0,332,5,False,none
2024-11-28,CaaS-Node-Type-A,24.01,24.12,Southeast,0.891,2,183,0,False,none
2024-11-29,CaaS-Node-Type-C,24.01,24.12,Southeast,0.926,1,138,1,False,none
2024-11-29,CaaS-Node-Type-C,23.06,23.12,Southeast,0.935,2,221,0,False,none
2024-11-29,CaaS-Node-Type-A,24.01,24.06,Southwest,0.955,0,374,5,False,none
2024-11-30,CaaS-Node-Type-C,22.12,23.12,Midwest,0.897,0,167,1,False,none
2024-11-30,CaaS-Node-Type-C,24.01,24.12,Northwest,0.93,1,296,0,False,none
2024-12-01,CaaS-Node-Type-B,23.12,24.06,South_Central,0.898,1,205,2,False,none
2024-12-02,CaaS-Node-Type-C,24.01,24.06,Northwest,0.91,0,162,4,False,none
2024-12-02,CaaS-Node-Type-C,24.01,24.12,Southeast,0.933,2,358,2,False,none
2024-12-03,CaaS-Node-Type-C,24.01,24.06,Southwest,0.936,1,148,0,False,none
2024-12-03,CaaS-Node-Type-C,24.06,24.12,Midwest,0.937,2,351,1,False,none
2024-12-04,CaaS-Node-Type-B,22.12,23.06,Northeast,0.837,0,358,0,False,none
2024-12-05,CaaS-Node-Type-B,23.06,23.12,Northeast,0.55,1,327,2,False,none
2024-12-05,CaaS-Node-Type-B,24.01,24.12,Southwest,0.88,1,241,0,False,none
2024-12-05,CaaS-Node-Type-C,24.01,24.12,South_Central,0.938,0,325,4,False,none
2024-12-06,CaaS-Node-Type-B,23.12,24.06,South_Central,0.852,0,287,1,False,none
2024-12-06,CaaS-Node-Type-B,24.01,24.12,Southwest,0.87,0,339,1,False,none
2024-12-07,CaaS-Node-Type-C,24.01,24.06,Southwest,0.934,0,335,1,False,none
2024-12-07,CaaS-Node-Type-A,24.01,24.12,Northwest,0.894,0,259,0,False,none
2024-12-07,CaaS-Node-Type-B,24.06,24.12,Midwest,0.86,0,214,3,False,none
2024-12-07,CaaS-Node-Type-B,22.12,23.12,Southeast,0.859,1,362,0,False,none
2024-12-09,CaaS-Node-Type-C,23.06,24.01,Southeast,0.924,0,216,4,False,none
2024-12-09,CaaS-Node-Type-A,22.12,23.06,Southwest,0.93,0,212,0,False,none
2024-12-09,CaaS-Node-Type-A,24.01,24.12,Northwest,0.925,0,356,0,False,none
2024-12-09,CaaS-Node-Type-C,23.12,24.01,Northeast,0.9,2,251,1,False,none
2024-12-09,CaaS-Node-Type-A,22.12,23.06,Northwest,0.885,1,333,0,False,none
2024-12-09,CaaS-Node-Type-B,23.06,23.12,Southwest,0.55,2,213,0,False,none
2024-12-09,CaaS-Node-Type-A,23.06,24.01,Southeast,0.885,2,372,2,False,none
2024-12-10,CaaS-Node-Type-A,24.06,24.12,Northwest,0.902,0,246,1,False,none
2024-12-10,CaaS-Node-Type-C,22.12,23.12,South_Central,0.953,0,202,5,False,none
2024-12-10,CaaS-Node-Type-A,24.01,24.12,Midwest,0.888,0,245,3,False,none
2024-12-10,CaaS-Node-Type-A,24.01,24.12,Northeast,0.852,0,331,1,False,none
2024-12-11,CaaS-Node-Type-A,23.06,23.12,Midwest,0.916,1,368,0,False,none
2024-12-12,CaaS-Node-Type-B,23.06,23.12,Midwest,0.55,0,262,0,False,none
2024-12-13,CaaS-Node-Type-A,22.12,23.12,Southwest,0.907,2,193,1,False,none
2024-12-15,CaaS-Node-Type-B,22.12,23.06,Southeast,0.904,1,320,1,False,none
2024-12-15,CaaS-Node-Type-A,23.12,24.01,Southeast,0.952,2,343,2,False,none
2024-12-16,CaaS-Node-Type-C,24.01,24.12,Northwest,0.936,0,143,0,False,none
2024-12-16,CaaS-Node-Type-C,22.12,23.12,South_Central,0.889,0,204,0,False,none
2024-12-16,CaaS-Node-Type-B,23.06,24.01,Southwest,0.55,1,150,3,False,none
2024-12-17,CaaS-Node-Type-C,22.12,23.06,South_Central,0.929,0,147,3,False,none
2024-12-17,CaaS-Node-Type-B,24.01,24.06,Northwest,0.872,3,206,2,False,none
2024-12-18,CaaS-Node-Type-C,23.06,23.12,Midwest,0.914,0,380,5,False,none
2024-12-18,CaaS-Node-Type-A,24.01,24.12,Southwest,0.908,0,254,0,False,none
2024-12-18,CaaS-Node-Type-C,23.12,24.01,Northwest,0.938,3,159,0,False,none
2024-12-19,CaaS-Node-Type-B,22.12,23.12,Southwest,0.868,2,273,4,False,none
2024-12-19,CaaS-Node-Type-A,22.12,23.12,Northwest,0.938,0,380,1,False,none
2024-12-20,CaaS-Node-Type-A,22.12,23.12,Northeast,0.855,3,161,12,True,geographic
2024-12-20,CaaS-Node-Type-B,23.12,24.06,Northwest,0.919,0,355,2,False,none
2024-12-21,CaaS-Node-Type-B,23.12,24.06,Southwest,0.862,1,335,0,False,none
2024-12-21,CaaS-Node-Type-C,24.01,24.06,Northeast,0.909,2,271,3,False,none
2024-12-21,CaaS-Node-Type-A,24.01,24.12,Southeast,0.922,1,175,1,False,none
2024-12-22,CaaS-Node-Type-C,23.06,23.12,Northeast,0.867,0,221,3,False,none
2024-12-22,CaaS-Node-Type-A,24.06,24.12,Southeast,0.96,1,314,3,False,none
2024-12-24,CaaS-Node-Type-B,23.12,24.06,Northeast,0.8,0,367,2,False,none
2024-12-24,CaaS-Node-Type-C,24.01,24.06,Northeast,0.869,1,322,0,False,none
2024-12-24,CaaS-Node-Type-B,23.06,24.01,South_Central,0.55,3,194,1,False,none
2024-12-24,CaaS-Node-Type-A,23.06,24.01,Midwest,0.959,0,183,0,False,none
2024-12-24,CaaS-Node-Type-B,23.12,24.01,Midwest,0.895,0,199,0,False,none
2024-12-25,CaaS-Node-Type-A,23.12,24.06,Southwest,0.901,1,126,0,False,none
2024-12-25,CaaS-Node-Type-A,24.01,24.06,Southwest,0.91,1,318,0,False,none
2024-12-25,CaaS-Node-Type-A,24.06,24.12,Southeast,0.894,1,244,1,False,none
2024-12-25,CaaS-Node-Type-C,23.06,23.12,Southwest,0.93,1,333,1,False,none
2024-12-25,CaaS-Node-Type-A,23.12,24.06,Northwest,0.91,1,151,1,False,none
2024-12-25,CaaS-Node-Type-B,24.01,24.12,Southwest,0.897,2,160,1,False,none
2024-12-25,CaaS-Node-Type-C,24.01,24.06,Northeast,0.879,0,275,0,False,none
2024-12-26,CaaS-Node-Type-B,24.01,24.12,Midwest,0.867,1,264,1,False,none
2024-12-27,CaaS-Node-Type-B,22.12,23.12,Northeast,0.802,0,125,0,False,none
2024-12-27,CaaS-Node-Type-A,23.12,24.01,Southwest,0.912,3,130,0,False,none
2024-12-28,CaaS-Node-Type-C,23.12,24.06,South_Central,0.896,2,170,1,False,none
2024-12-29,CaaS-Node-Type-B,24.01,24.06,Midwest,0.893,2,304,3,False,none
2024-12-29,CaaS-Node-Type-A,23.12,24.06,South_Central,0.901,1,167,5,False,none
2024-12-30,CaaS-Node-Type-C,23.06,23.12,Northeast,0.84,1,358,0,False,none
2024-12-31,CaaS-Node-Type-C,23.12,24.01,Southwest,0.902,0,262,0,False,none
2025-01-01,CaaS-Node-Type-A,22.12,23.06,Northeast,0.847,0,129,1,False,none
2025-01-02,CaaS-Node-Type-C,22.12,23.06,Southwest,0.884,0,297,1,False,none
2025-01-02,CaaS-Node-Type-C,23.12,24.06,Southeast,0.924,0,313,0,False,none
2025-01-02,CaaS-Node-Type-B,23.06,23.12,Northwest,0.55,0,189,5,False,none
2025-01-03,CaaS-Node-Type-B,24.06,24.12,Southwest,0.864,0,293,0,False,none
2025-01-03,CaaS-Node-Type-A,22.12,23.12,Northeast,0.88,2,271,8,False,none
2025-01-03,CaaS-Node-Type-C,24.01,24.12,Northeast,0.854,0,223,0,False,none
2025-01-03,CaaS-Node-Type-B,24.06,24.12,Midwest,0.878,0,223,0,False,none
2025-01-04,CaaS-Node-Type-C,22.12,23.06,Midwest,0.928,1,335,2,False,none
2025-01-04,CaaS-Node-Type-C,23.06,24.01,Southeast,0.956,2,123,0,False,none
2025-01-04,CaaS-Node-Type-C,22.12,23.06,South_Central,0.882,1,246,0,False,none
2025-01-04,CaaS-Node-Type-A,24.01,24.06,Southwest,0.958,1,215,0,False,none
2025-01-05,CaaS-Node-Type-A,23.12,24.01,Northeast,0.843,0,176,5,False,none
2025-01-06,CaaS-Node-Type-C,23.12,24.06,Northeast,0.91,1,298,3,False,none
2025-01-07,CaaS-Node-Type-C,23.06,24.01,Southeast,0.924,0,278,3,False,none
2025-01-07,CaaS-Node-Type-C,24.01,24.12,Midwest,0.91,1,357,4,False,none
2025-01-08,CaaS-Node-Type-B,22.12,23.06,South_Central,0.872,1,366,5,False,none
2025-01-08,CaaS-Node-Type-B,22.12,23.12,Northwest,0.889,0,173,2,False,none
2025-01-08,CaaS-Node-Type-B,23.12,24.06,Midwest,0.907,0,207,0,False,none
2025-01-08,CaaS-Node-Type-B,22.12,23.06,Southwest,0.854,0,233,1,False,none
2025-01-08,CaaS-Node-Type-B,24.06,24.12,Southeast,0.851,0,236,4,False,none
2025-01-09,CaaS-Node-Type-C,23.06,23.12,Southwest,0.946,0,143,1,False,none
2025-01-09,CaaS-Node-Type-B,24.06,24.12,South_Central,0.908,1,265,2,False,none
2025-01-10,CaaS-Node-Type-A,23.12,24.06,Northwest,0.956,1,380,2,False,none
2025-01-11,CaaS-Node-Type-B,23.06,23.12,Midwest,0.55,2,370,3,False,none
2025-01-11,CaaS-Node-Type-A,22.12,23.12,Midwest,0.937,1,317,0,False,none
2025-01-12,CaaS-Node-Type-B,24.01,24.06,Northwest,0.917,2,288,5,False,none
2025-01-12,CaaS-Node-Type-A,23.12,24.01,Midwest,0.926,1,319,2,False,none
2025-01-12,CaaS-Node-Type-C,23.12,24.01,Southwest,0.922,0,341,1,False,none
2025-01-13,CaaS-Node-Type-C,23.12,24.06,South_Central,0.911,0,189,3,False,none
2025-01-13,CaaS-Node-Type-C,22.12,23.06,South_Central,0.936,0,351,2,False,none
2025-01-13,CaaS-Node-Type-C,23.06,23.12,South_Central,0.949,0,245,0,False,none
2025-01-14,CaaS-Node-Type-C,23.12,24.06,Midwest,0.953,3,248,1,False,none
2025-01-14,CaaS-Node-Type-C,23.06,24.01,Northeast,0.847,1,367,2,False,none
2025-01-14,CaaS-Node-Type-A,24.01,24.06,South_Central,0.932,0,343,0,False,none
2025-01-14,CaaS-Node-Type-B,22.12,23.12,Southwest,0.881,1,150,5,False,none
2025-01-15,CaaS-Node-Type-B,23.06,23.12,Midwest,0.55,0,323,0,False,none
2025-01-15,CaaS-Node-Type-B,23.12,24.06,Northeast,0.825,1,160,0,False,none
2025-01-16,CaaS-Node-Type-B,24.01,24.12,Northwest,0.917,0,233,5,False,none
2025-01-16,CaaS-Node-Type-C,23.06,24.01,Southeast,0.94,0,168,0,False,none
2025-01-16,CaaS-Node-Type-B,23.06,24.01,South_Central,0.55,2,332,3,False,none
2025-01-17,CaaS-Node-Type-C,24.06,24.12,Northwest,0.935,0,188,0,False,none
2025-01-17,CaaS-Node-Type-B,22.12,23.12,Southwest,0.901,1,194,0,False,none
2025-01-19,CaaS-Node-Type-B,24.01,24.06,South_Central,0.899,0,175,1,False,none
2025-01-20,CaaS-Node-Type-A,23.12,24.01,Midwest,0.939,3,189,4,False,none
2025-01-20,CaaS-Node-Type-A,22.12,23.12,Southeast,0.912,0,322,1,False,none
2025-01-20,CaaS-Node-Type-C,24.01,24.06,Southeast,0.894,0,190,0,False,none
2025-01-21,CaaS-Node-Type-C,24.01,24.12,Midwest,0.907,0,236,1,False,none
2025-01-21,CaaS-Node-Type-B,23.06,23.12,Midwest,0.55,1,159,4,False,none
2025-01-22,CaaS-Node-Type-C,24.01,24.12,Southwest,0.882,3,161,5,False,none
2025-01-22,CaaS-Node-Type-C,24.01,24.06,Southeast,0.93,3,163,0,False,none
2025-01-22,CaaS-Node-Type-A,22.12,23.12,Northeast,0.847,0,305,3,False,none
2025-01-23,CaaS-Node-Type-B,24.06,24.12,Southwest,0.854,1,229,2,False,none
2025-01-24,CaaS-Node-Type-C,22.12,23.12,Midwest,0.919,1,335,1,False,none
2025-01-25,CaaS-Node-Type-A,24.01,24.12,Midwest,0.953,0,229,2,False,none
2025-01-25,CaaS-Node-Type-B,22.12,23.06,Southwest,0.876,0,273,0,False,none
2025-01-25,CaaS-Node-Type-B,22.12,23.06,South_Central,0.878,1,179,0,False,none
2025-01-25,CaaS-Node-Type-A,23.06,24.01,Southwest,0.896,3,226,5,False,none
2025-01-25,CaaS-Node-Type-C,24.06,24.12,Northwest,0.904,1,123,1,False,none
2025-01-26,CaaS-Node-Type-B,22.12,23.06,Northeast,0.869,2,260,3,False,none
2025-01-26,CaaS-Node-Type-A,23.06,24.01,South_Central,0.881,0,298,5,False,none
2025-01-26,CaaS-Node-Type-A,23.06,23.12,Southwest,0.899,0,358,2,False,none
2025-01-27,CaaS-Node-Type-A,24.01,24.06,South_Central,0.929,3,247,0,False,none
2025-01-27,CaaS-Node-Type-A,22.12,23.12,Northeast,0.908,1,195,8,False,none
2025-01-27,CaaS-Node-Type-A,22.12,23.06,Northeast,0.839,0,273,1,False,none
2025-01-28,CaaS-Node-Type-B,24.06,24.12,South_Central,0.899,1,268,1,False,none
2025-01-28,CaaS-Node-Type-C,24.01,24.12,South_Central,0.951,1,206,4,False,none
2025-01-29,CaaS-Node-Type-C,23.06,23.12,Midwest,0.953,1,366,3,False,none
2025-01-29,CaaS-Node-Type-B,23.12,24.06,Northwest,0.892,0,323,2,False,none
2025-01-29,CaaS-Node-Type-A,23.06,23.12,Northwest,0.89,1,370,0,False,none
2025-01-30,CaaS-Node-Type-C,24.01,24.12,South_Central,0.952,1,239,2,False,none
2025-01-31,CaaS-Node-Type-A,22.12,23.12,South_Central,0.947,0,373,5,False,none
2025-01-31,CaaS-Node-Type-C,24.01,24.12,South_Central,0.919,3,149,2,False,none
2025-02-01,CaaS-Node-Type-A,22.12,23.06,Midwest,0.925,2,320,3,False,none
2025-02-02,CaaS-Node-Type-C,24.01,24.06,South_Central,0.909,1,175,1,False,none
2025-02-02,CaaS-Node-Type-A,23.12,24.01,Northwest,0.935,1,121,5,False,none
2025-02-03,CaaS-Node-Type-B,23.06,24.01,Southwest,0.55,0,245,2,False,none
2025-02-04,CaaS-Node-Type-A,23.06,23.12,Southeast,0.904,0,174,0,False,none
2025-02-04,CaaS-Node-Type-A,23.12,24.06,Southeast,0.936,0,248,0,False,none
2025-02-04,CaaS-Node-Type-A,24.01,24.12,South_Central,0.953,0,238,0,False,none
2025-02-05,CaaS-Node-Type-C,23.06,23.12,Southwest,0.929,1,296,5,False,none
2025-02-05,CaaS-Node-Type-B,23.06,24.01,Southwest,0.55,1,226,2,False,none
2025-02-05,CaaS-Node-Type-A,23.06,24.01,Northeast,0.858,0,220,1,False,none
2025-02-05,CaaS-Node-Type-C,23.06,24.01,South_Central,0.939,0,211,2,False,none
2025-02-06,CaaS-Node-Type-C,23.06,24.01,Southeast,0.951,0,336,0,False,none
2025-02-08,CaaS-Node-Type-C,23.12,24.06,Midwest,0.952,1,335,0,False,none
2025-02-09,CaaS-Node-Type-A,23.12,24.06,Midwest,0.881,0,369,0,False,none
2025-02-09,CaaS-Node-Type-A,24.01,24.06,Northwest,0.915,2,192,0,False,none
2025-02-09,CaaS-Node-Type-A,24.06,24.12,Northeast,0.9,0,375,0,False,none
2025-02-10,CaaS-Node-Type-B,24.01,24.12,South_Central,0.869,2,340,1,False,none
2025-02-10,CaaS-Node-Type-C,23.12,24.01,Northwest,0.926,0,184,0,False,none
2025-02-10,CaaS-Node-Type-C,23.12,24.01,Southeast,0.883,2,253,5,False,none
2025-02-11,CaaS-Node-Type-C,23.06,24.01,South_Central,0.899,0,306,1,False,none
2025-02-11,CaaS-Node-Type-B,24.06,24.12,Northeast,0.84,0,317,0,False,none
2025-02-11,CaaS-Node-Type-B,24.01,24.06,Northeast,0.814,0,185,1,False,none
2025-02-11,CaaS-Node-Type-B,23.12,24.06,Midwest,0.919,1,173,1,False,none
2025-02-12,CaaS-Node-Type-C,22.12,23.06,Southeast,0.918,0,324,0,False,none
2025-02-12,CaaS-Node-Type-A,23.06,23.12,Northwest,0.958,2,323,2,False,none
2025-02-12,CaaS-Node-Type-A,24.01,24.06,Northeast,0.901,1,233,4,False,none
2025-02-12,CaaS-Node-Type-C,23.12,24.01,South_Central,0.941,1,295,2,False,none
2025-02-12,CaaS-Node-Type-C,23.06,23.12,Midwest,0.934,0,303,0,False,none
2025-02-12,CaaS-Node-Type-C,23.12,24.01,Midwest,0.908,0,223,0,False,none
2025-02-12,CaaS-Node-Type-A,23.12,24.06,Northwest,0.898,0,166,2,False,none
2025-02-13,CaaS-Node-Type-A,23.12,24.01,Northeast,0.833,0,250,4,False,none
2025-02-13,CaaS-Node-Type-C,22.12,23.12,Northwest,0.888,0,364,2,False,none
2025-02-13,CaaS-Node-Type-C,24.01,24.06,South_Central,0.881,1,265,1,False,none
2025-02-13,CaaS-Node-Type-B,23.06,23.12,Midwest,0.55,3,349,0,False,none
2025-02-13,CaaS-Node-Type-A,23.12,24.01,Northeast,0.84,2,361,1,False,none
2025-02-13,CaaS-Node-Type-C,23.06,24.01,South_Central,0.91,0,310,0,False,none
2025-02-14,CaaS-Node-Type-C,22.12,23.06,Midwest,0.942,1,302,0,False,none
2025-02-14,CaaS-Node-Type-C,23.06,24.01,South_Central,0.894,1,349,3,False,none
2025-02-14,CaaS-Node-Type-C,24.01,24.12,Northeast,0.847,2,251,0,False,none
2025-02-15,CaaS-Node-Type-A,23.12,24.06,Midwest,0.924,2,320,2,False,none
2025-02-15,CaaS-Node-Type-B,23.06,23.12,Northeast,0.55,0,160,2,False,none
2025-02-15,CaaS-Node-Type-A,24.01,24.06,Northwest,0.945,3,260,1,False,none
2025-02-16,CaaS-Node-Type-A,23.06,24.01,Northwest,0.897,2,193,0,False,none
2025-02-17,CaaS-Node-Type-C,24.01,24.12,South_Central,0.925,2,374,0,False,none
2025-02-17,CaaS-Node-Type-C,24.01,24.06,Southwest,0.951,0,137,1,False,none
2025-02-17,CaaS-Node-Type-C,23.06,23.12,Midwest,0.895,2,227,3,False,none
2025-02-17,CaaS-Node-Type-A,23.06,24.01,Northwest,0.916,0,204,1,False,none
2025-02-17,CaaS-Node-Type-A,23.06,23.12,Northeast,0.864,1,130,3,False,none
2025-02-18,CaaS-Node-Type-C,23.12,24.06,Northeast,0.894,3,372,1,False,none
2025-02-18,CaaS-Node-Type-B,22.12,23.12,Southeast,0.87,0,139,0,False,none
2025-02-18,CaaS-Node-Type-B,24.01,24.06,Northwest,0.864,0,157,0,False,none
2025-02-19,CaaS-Node-Type-A,23.06,23.12,Southeast,0.924,0,268,0,False,none
2025-02-19,CaaS-Node-Type-B,22.12,23.06,South_Central,0.853,1,217,0,False,none
2025-02-20,CaaS-Node-Type-B,22.12,23.06,Midwest,0.859,1,358,2,False,none
2025-02-21,CaaS-Node-Type-A,24.01,24.12,Southeast,0.914,1,292,0,False,none
2025-02-21,CaaS-Node-Type-B,23.06,23.12,Northwest,0.55,0,183,1,False,none
2025-02-21,CaaS-Node-Type-C,24.06,24.12,Southwest,0.922,1,135,4,False,none
2025-02-21,CaaS-Node-Type-C,24.01,24.06,Midwest,0.948,2,230,5,False,none
2025-02-21,CaaS-Node-Type-A,23.12,24.01,Midwest,0.884,1,269,1,False,none
2025-02-22,CaaS-Node-Type-A,22.12,23.06,Midwest,0.92,1,240,0,False,none
2025-02-22,CaaS-Node-Type-B,23.06,23.12,Northwest,0.55,0,183,5,False,none
2025-02-22,CaaS-Node-Type-B,24.01,24.06,Southeast,0.852,1,318,1,False,none
2025-02-22,CaaS-Node-Type-C,24.01,24.06,Northeast,0.846,1,169,0,False,none
2025-02-23,CaaS-Node-Type-C,23.06,23.12,Southeast,0.916,0,130,5,False,none
2025-02-23,CaaS-Node-Type-C,24.01,24.06,Northwest,0.942,0,172,0,False,none
2025-02-24,CaaS-Node-Type-A,23.06,23.12,Northwest,0.933,2,139,5,False,none
2025-02-24,CaaS-Node-Type-C,23.12,24.06,Southwest,0.919,0,358,2,False,none
2025-02-26,CaaS-Node-Type-C,24.01,24.06,Southeast,0.908,0,290,2,False,none
2025-02-27,CaaS-Node-Type-B,23.06,23.12,Northeast,0.55,1,137,1,False,none
2025-02-28,CaaS-Node-Type-A,23.12,24.01,Southeast,0.951,1,143,2,False,none
2025-02-28,CaaS-Node-Type-C,23.12,24.01,Northeast,0.854,3,176,2,False,none
2025-03-01,CaaS-Node-Type-B,22.12,23.12,Northeast,0.858,2,287,2,False,none
2025-03-01,CaaS-Node-Type-B,23.12,24.06,Northeast,0.811,0,162,0,False,none
2025-03-01,CaaS-Node-Type-B,24.06,24.12,South_Central,0.88,2,227,0,False,none
2025-03-02,CaaS-Node-Type-C,22.12,23.12,Southeast,0.95,0,268,1,False,none
2025-03-02,CaaS-Node-Type-B,23.06,23.12,Midwest,0.55,0,262,4,False,none
2025-03-03,CaaS-Node-Type-B,23.06,24.01,Midwest,0.55,0,197,1,False,none
2025-03-03,CaaS-Node-Type-A,23.06,23.12,South_Central,0.889,0,233,1,False,none
2025-03-04,CaaS-Node-Type-A,23.06,24.01,Northeast,0.843,0,248,3,False,none
2025-03-04,CaaS-Node-Type-B,24.06,24.12,Southeast,0.912,0,260,0,False,none
2025-03-04,CaaS-Node-Type-B,23.06,23.12,Northeast,0.55,0,344,0,False,none
2025-03-04,CaaS-Node-Type-C,23.12,24.06,Northwest,0.906,2,340,4,False,none
2025-03-05,CaaS-Node-Type-C,24.06,24.12,Northeast,0.903,0,305,3,False,none
2025-03-06,CaaS-Node-Type-B,23.06,23.12,Midwest,0.55,1,212,5,False,none
2025-03-06,CaaS-Node-Type-C,23.12,24.01,Southeast,0.903,2,222,4,False,none
2025-03-07,CaaS-Node-Type-B,23.12,24.06,Northwest,0.919,1,167,0,False,none
2025-03-08,CaaS-Node-Type-B,23.06,23.12,Southeast,0.55,0,235,2,False,none
2025-03-09,CaaS-Node-Type-C,23.12,24.06,Northeast,0.851,0,146,0,False,none
2025-03-09,CaaS-Node-Type-C,22.12,23.12,South_Central,0.952,1,295,2,False,none
2025-03-09,CaaS-Node-Type-B,24.06,24.12,Northeast,0.858,0,232,2,False,none
2025-03-10,CaaS-Node-Type-C,23.12,24.01,Southeast,0.887,0,339,4,False,none
2025-03-10,CaaS-Node-Type-A,23.12,24.06,Southeast,0.914,0,300,1,False,none
2025-03-11,CaaS-Node-Type-B,23.06,24.01,Northeast,0.55,0,345,4,False,none
2025-03-11,CaaS-Node-Type-A,23.12,24.01,Midwest,0.946,1,279,0,False,none
2025-03-11,CaaS-Node-Type-A,23.06,23.12,Southwest,0.946,2,252,0,False,none
2025-03-11,CaaS-Node-Type-C,24.01,24.12,Northwest,0.958,0,258,8,False,none
2025-03-11,CaaS-Node-Type-A,23.12,24.06,Northeast,0.856,3,257,0,False,none
2025-03-12,CaaS-Node-Type-C,24.01,24.12,South_Central,0.951,2,304,3,False,none
2025-03-12,CaaS-Node-Type-A,23.06,23.12,Midwest,0.948,1,178,2,False,none
2025-03-12,CaaS-Node-Type-C,23.06,23.12,Northeast,0.88,2,375,0,False,none
2025-03-12,CaaS-Node-Type-B,22.12,23.06,Northeast,0.845,1,280,3,False,none
2025-03-13,CaaS-Node-Type-A,22.12,23.12,Northeast,0.863,0,229,4,False,none
2025-03-13,CaaS-Node-Type-C,24.01,24.06,Midwest,0.951,0,262,0,False,none
2025-03-13,CaaS-Node-Type-B,24.01,24.06,Southwest,0.918,1,194,2,False,none
2025-03-13,CaaS-Node-Type-A,23.06,24.01,South_Central,0.956,1,262,3,False,none
2025-03-13,CaaS-Node-Type-B,22.12,23.06,Southeast,0.898,2,155,1,False,none
2025-03-13,CaaS-Node-Type-C,22.12,23.06,South_Central,0.95,0,135,1,False,none
2025-03-14,CaaS-Node-Type-A,24.06,24.12,Southeast,0.907,0,339,3,False,none
2025-03-14,CaaS-Node-Type-B,22.12,23.12,Northwest,0.866,1,184,1,False,none
2025-03-14,CaaS-Node-Type-B,23.06,23.12,Southeast,0.55,0,235,0,False,none
2025-03-15,CaaS-Node-Type-B,23.06,23.12,Midwest,0.55,1,171,1,False,none
2025-03-15,CaaS-Node-Type-C,23.12,24.06,Northeast,0.862,2,232,8,False,none
2025-03-16,CaaS-Node-Type-B,24.01,24.06,South_Central,0.899,1,299,0,False,none
2025-03-16,CaaS-Node-Type-C,24.01,24.12,Southeast,0.918,3,321,0,False,none
2025-03-18,CaaS-Node-Type-C,24.06,24.12,Northwest,0.924,0,174,2,False,none
2025-03-18,CaaS-Node-Type-C,24.01,24.06,Northeast,0.905,0,272,1,False,none
2025-03-19,CaaS-Node-Type-B,23.06,24.01,South_Central,0.55,0,126,0,False,none
2025-03-21,CaaS-Node-Type-A,23.06,23.12,Northwest,0.893,1,246,1,False,none
2025-03-21,CaaS-Node-Type-A,23.12,24.06,Northwest,0.909,1,372,2,False,none
2025-03-21,CaaS-Node-Type-A,23.06,24.01,Southwest,0.925,0,363,8,False,none
2025-03-22,CaaS-Node-Type-C,24.01,24.12,Northeast,0.867,0,325,1,False,none
2025-03-22,CaaS-Node-Type-A,24.06,24.12,Midwest,0.955,0,223,4,False,none
2025-03-24,CaaS-Node-Type-B,23.12,24.01,Northeast,0.84,0,281,2,False,none
2025-03-24,CaaS-Node-Type-C,24.06,24.12,South_Central,0.933,0,239,2,False,none
2025-03-24,CaaS-Node-Type-B,22.12,23.12,South_Central,0.878,0,192,2,False,none
2025-03-24,CaaS-Node-Type-C,23.06,23.12,Southeast,0.889,3,380,0,False,none
2025-03-25,CaaS-Node-Type-A,23.06,24.01,Southeast,0.953,1,127,1,False,none
2025-03-25,CaaS-Node-Type-A,24.01,24.12,Midwest,0.945,0,235,0,False,none
2025-03-26,CaaS-Node-Type-B,23.12,24.01,Northwest,0.904,0,160,2,False,none
2025-03-27,CaaS-Node-Type-A,23.12,24.01,Southeast,0.94,0,326,4,False,none
2025-03-27,CaaS-Node-Type-B,24.06,24.12,Northeast,0.841,0,288,4,False,none
2025-03-28,CaaS-Node-Type-B,24.06,24.12,Northeast,0.859,0,291,2,False,none
2025-03-28,CaaS-Node-Type-B,23.12,24.01,Southeast,0.856,1,371,1,False,none
2025-03-28,CaaS-Node-Type-C,22.12,23.06,Southeast,0.945,0,345,1,False,none
2025-03-29,CaaS-Node-Type-A,24.01,24.06,Northeast,0.831,0,343,8,False,none
2025-03-30,CaaS-Node-Type-C,24.06,24.12,Southwest,0.927,0,261,2,False,none
2025-03-31,CaaS-Node-Type-B,23.06,24.01,South_Central,0.55,0,334,0,False,none
2025-03-31,CaaS-Node-Type-C,23.12,24.01,South_Central,0.928,0,363,1,False,none
2025-03-31,CaaS-Node-Type-C,24.01,24.06,Northwest,0.895,2,343,0,False,none
2025-03-31,CaaS-Node-Type-A,24.01,24.06,Southeast,0.903,2,322,1,False,none
2025-04-01,CaaS-Node-Type-B,23.12,24.06,Midwest,0.87,3,357,3,False,none
2025-04-01,CaaS-Node-Type-B,23.06,23.12,Northeast,0.55,0,217,0,False,none
2025-04-02,CaaS-Node-Type-C,22.12,23.12,South_Central,0.959,1,122,0,False,none
2025-04-02,CaaS-Node-Type-C,23.06,24.01,South_Central,0.902,0,309,0,False,none
2025-04-03,CaaS-Node-Type-C,23.06,23.12,Northeast,0.834,0,254,2,False,none
2025-04-04,CaaS-Node-Type-B,23.12,24.01,South_Central,0.913,1,330,1,False,none
2025-04-04,CaaS-Node-Type-C,23.12,24.06,Northwest,0.948,1,130,0,False,none
2025-04-04,CaaS-Node-Type-B,22.12,23.12,Southwest,0.881,1,161,3,False,none
2025-04-05,CaaS-Node-Type-C,22.12,23.12,Northwest,0.921,0,293,5,False,none
2025-04-05,CaaS-Node-Type-A,24.01,24.06,Midwest,0.908,2,316,0,False,none
2025-04-06,CaaS-Node-Type-C,23.12,24.01,Midwest,0.95,0,192,0,False,none
2025-04-06,CaaS-Node-Type-B,23.06,23.12,Southwest,0.55,0,374,0,False,none
2025-04-06,CaaS-Node-Type-C,23.06,23.12,Southeast,0.942,2,273,0,False,none
2025-04-06,CaaS-Node-Type-C,22.12,23.06,South_Central,0.93,2,303,8,False,none
2025-04-07,CaaS-Node-Type-B,23.06,24.01,Northwest,0.55,3,142,5,False,none
2025-04-08,CaaS-Node-Type-C,23.06,24.01,Midwest,0.931,0,303,3,False,none
2025-04-08,CaaS-Node-Type-A,23.12,24.06,South_Central,0.909,1,121,1,False,none
2025-04-08,CaaS-Node-Type-B,22.12,23.12,Midwest,0.851,1,325,0,False,none
2025-04-09,CaaS-Node-Type-A,24.01,24.06,Southeast,0.882,0,379,2,False,none
2025-04-10,CaaS-Node-Type-C,23.12,24.06,Northwest,0.897,0,179,3,False,none
2025-04-10,CaaS-Node-Type-B,23.06,23.12,Southwest,0.55,0,234,5,False,none
2025-04-10,CaaS-Node-Type-B,24.01,24.06,Southeast,0.909,2,370,0,False,none
2025-04-11,CaaS-Node-Type-A,23.06,23.12,South_Central,0.95,1,144,0,False,none
2025-04-11,CaaS-Node-Type-C,24.06,24.12,Northwest,0.884,2,340,0,False,none
2025-04-11,CaaS-Node-Type-C,22.12,23.12,Southwest,0.895,0,144,0,False,none
2025-04-11,CaaS-Node-Type-C,24.01,24.12,Northeast,0.882,3,336,0,False,none
2025-04-12,CaaS-Node-Type-A,24.06,24.12,Northeast,0.88,1,128,0,False,none
2025-04-12,CaaS-Node-Type-A,23.12,24.06,Midwest,0.895,0,248,2,False,none
2025-04-12,CaaS-Node-Type-A,22.12,23.12,Northeast,0.863,0,126,0,False,none
2025-04-13,CaaS-Node-Type-C,24.06,24.12,Southeast,0.928,1,266,5,False,none
2025-04-13,CaaS-Node-Type-B,24.01,24.12,Midwest,0.884,0,221,5,False,none
2025-04-13,CaaS-Node-Type-B,23.06,23.12,Southeast,0.55,0,255,4,False,none
2025-04-13,CaaS-Node-Type-B,23.12,24.01,Northeast,0.808,0,279,0,False,none
2025-04-14,CaaS-Node-Type-C,23.06,23.12,South_Central,0.949,1,342,4,False,none
2025-04-14,CaaS-Node-Type-B,24.01,24.06,Southwest,0.874,0,146,1,False,none
2025-04-15,CaaS-Node-Type-C,24.01,24.06,Southeast,0.895,3,357,0,False,none
2025-04-15,CaaS-Node-Type-C,23.06,23.12,Southeast,0.913,1,228,1,False,none
2025-04-15,CaaS-Node-Type-A,23.12,24.06,Southeast,0.955,1,374,0,False,none
2025-04-15,CaaS-Node-Type-C,24.06,24.12,Southeast,0.895,1,228,0,False,none
2025-04-15,CaaS-Node-Type-B,22.12,23.12,South_Central,0.875,3,345,8,False,none
2025-04-15,CaaS-Node-Type-A,24.06,24.12,Northwest,0.936,0,299,8,False,none
2025-04-15,CaaS-Node-Type-B,22.12,23.12,Midwest,0.866,1,298,0,False,none
2025-04-16,CaaS-Node-Type-B,24.01,24.06,Southwest,0.914,0,257,3,False,none
2025-04-16,CaaS-Node-Type-A,23.06,24.01,Southeast,0.912,0,171,0,False,none
2025-04-17,CaaS-Node-Type-C,24.01,24.06,Midwest,0.896,0,337,1,False,none
2025-04-17,CaaS-Node-Type-B,23.12,24.06,Midwest,0.882,2,180,2,False,none
2025-04-17,CaaS-Node-Type-C,23.06,24.01,Midwest,0.953,0,155,2,False,none
2025-04-17,CaaS-Node-Type-B,23.12,24.01,Southwest,0.877,2,301,3,False,none
2025-04-17,CaaS-Node-Type-C,23.12,24.06,Southeast,0.89,1,214,0,False,none
2025-04-17,CaaS-Node-Type-A,24.06,24.12,South_Central,0.956,3,173,1,False,none
2025-04-18,CaaS-Node-Type-C,23.12,24.06,Southeast,0.925,1,123,1,False,none
2025-04-19,CaaS-Node-Type-A,22.12,23.12,South_Central,0.94,1,167,8,False,none
2025-04-19,CaaS-Node-Type-B,23.12,24.01,Southwest,0.869,0,296,0,False,none
2025-04-19,CaaS-Node-Type-C,23.06,24.01,Southwest,0.927,0,249,0,False,none
2025-04-20,CaaS-Node-Type-A,23.12,24.01,Southeast,0.915,0,343,1,False,none
2025-04-20,CaaS-Node-Type-B,24.01,24.12,Northeast,0.853,0,160,8,False,none
2025-04-21,CaaS-Node-Type-C,23.06,24.01,Southeast,0.9,0,265,1,False,none
2025-04-21,CaaS-Node-Type-A,24.01,24.12,Southwest,0.908,3,221,2,False,none
2025-04-22,CaaS-Node-Type-B,24.01,24.12,Southeast,0.903,0,346,2,False,none
2025-04-22,CaaS-Node-Type-C,22.12,23.06,Southeast,0.89,0,359,0,False,none
2025-04-22,CaaS-Node-Type-A,23.12,24.01,Southeast,0.929,1,220,0,False,none
2025-04-22,CaaS-Node-Type-A,24.01,24.12,Northwest,0.907,0,257,1,False,none
2025-04-22,CaaS-Node-Type-C,23.06,23.12,Southeast,0.924,0,125,0,False,none
2025-04-22,CaaS-Node-Type-A,23.12,24.01,Southeast,0.928,1,279,0,False,none
2025-04-23,CaaS-Node-Type-A,24.01,24.06,Southeast,0.89,0,262,3,False,none
2025-04-23,CaaS-Node-Type-B,24.01,24.12,Southwest,0.891,0,256,8,False,none
2025-04-23,CaaS-Node-Type-C,23.06,23.12,Northeast,0.906,0,371,12,True,geographic
2025-04-24,CaaS-Node-Type-A,23.06,24.01,Northeast,0.838,1,167,1,False,none
2025-04-24,CaaS-Node-Type-C,22.12,23.06,Southeast,0.946,2,347,8,False,none
2025-04-24,CaaS-Node-Type-B,24.01,24.12,Northwest,0.866,0,211,1,False,none
2025-04-25,CaaS-Node-Type-B,23.12,24.06,Northeast,0.858,0,194,1,False,none
2025-04-25,CaaS-Node-Type-A,23.06,23.12,Midwest,0.881,0,202,0,False,none
2025-04-26,CaaS-Node-Type-C,24.01,24.06,Midwest,0.914,0,160,0,False,none
2025-04-27,CaaS-Node-Type-C,23.06,24.01,Midwest,0.932,2,314,1,False,none
2025-04-27,CaaS-Node-Type-C,24.01,24.06,Southeast,0.918,0,349,0,False,none
2025-04-27,CaaS-Node-Type-A,24.01,24.12,Northwest,0.931,1,277,8,False,none
2025-04-27,CaaS-Node-Type-C,22.12,23.06,South_Central,0.952,0,219,0,False,none
2025-04-29,CaaS-Node-Type-C,24.06,24.12,Northwest,0.942,0,372,8,False,none
2025-04-29,CaaS-Node-Type-B,23.06,24.01,South_Central,0.55,0,309,1,False,none
2025-04-29,CaaS-Node-Type-C,24.06,24.12,Northeast,0.835,0,350,0,False,none
2025-04-30,CaaS-Node-Type-C,23.06,24.01,South_Central,0.946,0,374,5,False,none
2025-04-30,CaaS-Node-Type-B,23.06,23.12,Southeast,0.55,0,157,0,False,none
2025-04-30,CaaS-Node-Type-A,24.01,24.12,Southeast,0.956,0,217,2,False,none
2025-05-01,CaaS-Node-Type-A,24.01,24.12,Southeast,0.931,0,250,0,False,none
2025-05-02,CaaS-Node-Type-C,24.01,24.06,South_Central,0.955,0,239,2,False,none
2025-05-02,CaaS-Node-Type-A,24.01,24.06,Southeast,0.958,1,130,0,False,none
2025-05-03,CaaS-Node-Type-A,24.06,24.12,Northwest,0.884,1,254,2,False,none
2025-05-03,CaaS-Node-Type-A,24.06,24.12,Southwest,0.918,0,280,2,False,none
2025-05-04,CaaS-Node-Type-C,23.12,24.01,Midwest,0.91,0,354,1,False,none
2025-05-04,CaaS-Node-Type-B,24.01,24.06,Midwest,0.882,0,247,1,False,none
2025-05-05,CaaS-Node-Type-B,23.06,24.01,Southwest,0.55,0,272,3,False,none
2025-05-05,CaaS-Node-Type-C,24.01,24.06,Southeast,0.931,0,275,0,False,none
2025-05-06,CaaS-Node-Type-C,22.12,23.06,Northeast,0.86,0,156,0,False,none
2025-05-06,CaaS-Node-Type-C,22.12,23.12,Northwest,0.924,3,354,1,False,none
2025-05-06,CaaS-Node-Type-A,23.12,24.06,Southwest,0.911,0,280,2,False,none
2025-05-06,CaaS-Node-Type-A,24.06,24.12,Northeast,0.896,1,215,0,False,none
2025-05-08,CaaS-Node-Type-A,24.01,24.06,Midwest,0.954,0,145,0,False,none
2025-05-08,CaaS-Node-Type-A,22.12,23.12,Southeast,0.937,0,189,1,False,none
2025-05-09,CaaS-Node-Type-C,24.06,24.12,South_Central,0.928,1,121,0,False,none
2025-05-09,CaaS-Node-Type-B,22.12,23.12,Midwest,0.88,3,223,0,False,none
2025-05-10,CaaS-Node-Type-C,23.12,24.01,Southeast,0.903,2,172,0,False,none
2025-05-12,CaaS-Node-Type-C,22.12,23.06,Southwest,0.947,0,352,0,False,none
2025-05-12,CaaS-Node-Type-B,24.01,24.06,Northeast,0.817,2,211,1,False,none
2025-05-12,CaaS-Node-Type-B,24.06,24.12,Southeast,0.886,0,273,1,False,none
2025-05-12,CaaS-Node-Type-C,24.01,24.12,Northeast,0.84,0,181,8,False,none
2025-05-12,CaaS-Node-Type-C,23.06,24.01,Midwest,0.935,1,320,0,False,none
2025-05-12,CaaS-Node-Type-A,24.01,24.12,Northwest,0.9,0,314,2,False,none
2025-05-13,CaaS-Node-Type-B,23.06,23.12,Southwest,0.55,0,358,0,False,none
2025-05-13,CaaS-Node-Type-B,22.12,23.12,Northeast,0.84,2,321,5,False,none
2025-05-13,CaaS-Node-Type-A,23.12,24.01,Southwest,0.894,0,192,5,False,none
2025-05-14,CaaS-Node-Type-C,24.06,24.12,Northwest,0.915,0,310,0,False,none
2025-05-14,CaaS-Node-Type-A,23.12,24.01,Northeast,0.876,0,274,5,False,none
2025-05-15,CaaS-Node-Type-C,23.12,24.06,Northeast,0.885,3,364,0,False,none
2025-05-16,CaaS-Node-Type-B,22.12,23.12,Midwest,0.916,1,299,1,False,none
2025-05-16,CaaS-Node-Type-B,24.01,24.06,Southeast,0.865,1,294,0,False,none
2025-05-16,CaaS-Node-Type-B,23.06,24.01,Northwest,0.55,0,311,3,False,none
2025-05-16,CaaS-Node-Type-A,23.06,23.12,Southwest,0.888,0,184,3,False,none
2025-05-17,CaaS-Node-Type-B,23.06,24.01,Northeast,0.55,1,347,8,False,none
2025-05-18,CaaS-Node-Type-C,24.01,24.06,South_Central,0.944,0,225,5,False,none
2025-05-18,CaaS-Node-Type-B,23.06,23.12,Southeast,0.55,0,328,0,False,none
2025-05-18,CaaS-Node-Type-C,22.12,23.12,Southwest,0.895,0,245,0,False,none
2025-05-18,CaaS-Node-Type-C,23.12,24.06,Northwest,0.896,0,374,3,False,none
2025-05-19,CaaS-Node-Type-B,24.01,24.12,Northeast,0.813,1,203,5,False,none
2025-05-19,CaaS-Node-Type-B,23.12,24.06,Northwest,0.873,1,377,0,False,none
2025-05-20,CaaS-Node-Type-A,24.01,24.06,South_Central,0.89,0,305,0,False,none
2025-05-21,CaaS-Node-Type-A,23.12,24.06,Southwest,0.919,2,161,12,True,minor
2025-05-21,CaaS-Node-Type-A,23.06,24.01,Southeast,0.948,1,274,0,False,none
2025-05-21,CaaS-Node-Type-A,24.01,24.06,Southwest,0.944,3,135,0,False,none
2025-05-22,CaaS-Node-Type-A,23.06,24.01,Midwest,0.925,0,184,2,False,none
2025-05-23,CaaS-Node-Type-A,22.12,23.06,Southwest,0.954,2,363,0,False,none
2025-05-23,CaaS-Node-Type-B,22.12,23.06,South_Central,0.882,0,125,0,False,none
2025-05-24,CaaS-Node-Type-C,23.12,24.06,Southeast,0.924,0,340,3,False,none
2025-05-25,CaaS-Node-Type-C,22.12,23.12,Southeast,0.935,1,334,2,False,none
2025-05-25,CaaS-Node-Type-C,23.12,24.01,Southwest,0.888,2,132,0,False,none
2025-05-25,CaaS-Node-Type-C,24.01,24.12,South_Central,0.93,1,297,0,False,none
2025-05-26,CaaS-Node-Type-A,23.12,24.01,Northeast,0.892,2,201,12,True,geographic
2025-05-26,CaaS-Node-Type-C,23.06,24.01,Southeast,0.931,2,354,0,False,none
2025-05-27,CaaS-Node-Type-B,23.12,24.06,Northeast,0.869,0,329,1,False,none
2025-05-27,CaaS-Node-Type-B,24.01,24.12,Southwest,0.882,3,190,2,False,none
2025-05-27,CaaS-Node-Type-B,22.12,23.12,South_Central,0.893,0,332,0,False,none
2025-05-27,CaaS-Node-Type-A,24.06,24.12,Northwest,0.929,1,304,12,True,minor
2025-05-28,CaaS-Node-Type-C,24.06,24.12,South_Central,0.894,0,233,4,False,none
2025-05-28,CaaS-Node-Type-C,23.12,24.01,Southwest,0.931,1,189,0,False,none
2025-05-29,CaaS-Node-Type-A,24.01,24.06,Northeast,0.87,0,234,0,False,none
2025-05-29,CaaS-Node-Type-C,23.06,24.01,Northeast,0.836,1,216,3,False,none
2025-05-29,CaaS-Node-Type-C,24.01,24.12,Southwest,0.894,0,248,0,False,none
2025-05-30,CaaS-Node-Type-B,23.12,24.06,Southeast,0.891,0,376,0,False,none
2025-06-01,CaaS-Node-Type-A,22.12,23.12,Midwest,0.948,1,185,0,False,none
2025-06-01,CaaS-Node-Type-A,23.06,24.01,Northeast,0.861,1,180,2,False,none
2025-06-01,CaaS-Node-Type-C,24.01,24.12,Southeast,0.951,1,265,0,False,none
2025-06-02,CaaS-Node-Type-B,23.12,24.06,Northwest,0.877,1,125,1,False,none
2025-06-03,CaaS-Node-Type-A,23.06,23.12,South_Central,0.904,1,315,0,False,none
2025-06-03,CaaS-Node-Type-C,22.12,23.12,Northwest,0.88,0,238,8,False,none
2025-06-03,CaaS-Node-Type-B,24.06,24.12,Southwest,0.898,0,156,1,False,none
2025-06-04,CaaS-Node-Type-A,23.12,24.01,Northeast,0.898,0,192,0,False,none
2025-06-04,CaaS-Node-Type-B,22.12,23.06,Southeast,0.91,1,131,1,False,none
2025-06-04,CaaS-Node-Type-C,22.12,23.06,Southwest,0.958,1,221,8,False,none
2025-06-05,CaaS-Node-Type-B,23.12,24.06,Midwest,0.863,1,129,1,False,none
2025-06-05,CaaS-Node-Type-C,24.01,24.06,Southeast,0.933,3,374,0,False,none
2025-06-05,CaaS-Node-Type-A,23.12,24.06,Southeast,0.884,0,309,0,False,none
2025-06-06,CaaS-Node-Type-A,22.12,23.06,South_Central,0.922,1,245,0,False,none
2025-06-07,CaaS-Node-Type-A,22.12,23.06,Northeast,0.907,0,346,2,False,none
2025-06-07,CaaS-Node-Type-B,24.06,24.12,Northwest,0.892,0,254,4,False,none
2025-06-08,CaaS-Node-Type-A,24.06,24.12,Midwest,0.957,3,307,5,False,none
2025-06-08,CaaS-Node-Type-B,23.12,24.01,Northwest,0.868,0,194,0,False,none
2025-06-09,CaaS-Node-Type-B,24.06,24.12,Northeast,0.865,0,298,2,False,none
2025-06-09,CaaS-Node-Type-A,23.06,23.12,Northeast,0.843,0,121,0,False,none
2025-06-12,CaaS-Node-Type-C,23.06,23.12,Northeast,0.884,0,376,1,False,none
2025-06-12,CaaS-Node-Type-C,23.12,24.01,Northeast,0.88,0,265,0,False,none
2025-06-12,CaaS-Node-Type-A,22.12,23.12,Southwest,0.894,2,342,2,False,none
2025-06-13,CaaS-Node-Type-A,23.12,24.06,South_Central,0.938,0,312,8,False,none
2025-06-13,CaaS-Node-Type-C,23.12,24.01,Northeast,0.85,0,144,4,False,none
2025-06-14,CaaS-Node-Type-A,23.06,23.12,Southwest,0.891,2,355,5,False,none
2025-06-15,CaaS-Node-Type-C,23.12,24.06,Southeast,0.914,1,212,0,False,none
2025-06-15,CaaS-Node-Type-C,24.01,24.06,Northwest,0.884,1,239,0,False,none
2025-06-16,CaaS-Node-Type-B,24.01,24.06,Northeast,0.843,3,332,0,False,none
2025-06-16,CaaS-Node-Type-A,22.12,23.06,South_Central,0.956,0,368,0,False,none
2025-06-17,CaaS-Node-Type-C,24.01,24.12,Southwest,0.902,1,240,0,False,none
2025-06-17,CaaS-Node-Type-B,24.06,24.12,Southeast,0.898,1,165,1,False,none
2025-06-17,CaaS-Node-Type-B,23.06,24.01,South_Central,0.55,0,267,0,False,none
2025-06-19,CaaS-Node-Type-B,24.06,24.12,Northeast,0.857,2,327,3,False,none
2025-06-19,CaaS-Node-Type-C,24.01,24.12,Northeast,0.906,1,342,8,False,none
2025-06-19,CaaS-Node-Type-C,23.12,24.06,Midwest,0.896,0,354,0,False,none
2025-06-19,CaaS-Node-Type-C,22.12,23.12,Southeast,0.882,3,143,0,False,none
2025-06-20,CaaS-Node-Type-A,22.12,23.12,South_Central,0.916,0,333,2,False,none
2025-06-20,CaaS-Node-Type-B,24.06,24.12,Midwest,0.906,1,254,0,False,none
2025-06-20,CaaS-Node-Type-A,23.12,24.06,Northeast,0.868,2,358,0,False,none
2025-06-21,CaaS-Node-Type-B,23.12,24.06,Northwest,0.893,1,224,5,False,none
2025-06-22,CaaS-Node-Type-A,22.12,23.12,South_Central,0.931,1,155,0,False,none
2025-06-22,CaaS-Node-Type-A,23.06,24.01,Northeast,0.906,1,288,0,False,none
2025-06-23,CaaS-Node-Type-B,24.01,24.06,South_Central,0.872,0,296,2,False,none
2025-06-24,CaaS-Node-Type-B,24.01,24.12,Southwest,0.888,0,130,0,False,none
2025-06-24,CaaS-Node-Type-B,22.12,23.12,South_Central,0.896,0,328,1,False,none
2025-06-25,CaaS-Node-Type-B,23.12,24.01,Northeast,0.835,0,286,3,False,none
2025-06-26,CaaS-Node-Type-C,23.12,24.01,Northwest,0.887,3,368,0,False,none
2025-06-26,CaaS-Node-Type-A,23.12,24.06,Southeast,0.94,0,189,0,False,none
2025-06-27,CaaS-Node-Type-C,24.06,24.12,Southeast,0.9,0,230,1,False,none
2025-06-27,CaaS-Node-Type-A,24.01,24.12,Midwest,0.895,1,187,0,False,none
2025-06-27,CaaS-Node-Type-B,24.06,24.12,Southwest,0.913,0,221,3,False,none
2025-06-28,CaaS-Node-Type-A,23.06,23.12,Northwest,0.944,2,277,3,False,none
2025-06-28,CaaS-Node-Type-A,23.06,24.01,Southwest,0.905,1,318,0,False,none
2025-06-28,CaaS-Node-Type-B,23.12,24.06,Midwest,0.883,0,268,2,False,none
2025-06-28,CaaS-Node-Type-A,23.06,24.01,Northeast,0.876,1,197,3,False,none
2025-06-28,CaaS-Node-Type-A,22.12,23.06,South_Central,0.895,2,219,0,False,none
2025-06-28,CaaS-Node-Type-C,24.01,24.06,Southeast,0.953,0,195,0,False,none
2025-06-28,CaaS-Node-Type-C,22.12,23.06,Southeast,0.883,0,246,3,False,none
2025-06-28,CaaS-Node-Type-A,24.01,24.12,Northeast,0.881,1,286,1,False,none
2025-06-29,CaaS-Node-Type-A,22.12,23.12,Southwest,0.935,3,151,3,False,none
2025-06-29,CaaS-Node-Type-C,24.01,24.06,Southeast,0.897,0,295,0,False,none
2025-06-29,CaaS-Node-Type-B,22.12,23.12,South_Central,0.906,2,283,1,False,none
2025-06-29,CaaS-Node-Type-B,22.12,23.06,Northwest,0.893,0,192,2,False,none
2025-06-29,CaaS-Node-Type-C,23.12,24.06,Southeast,0.9,0,170,12,True,major
2025-06-30,CaaS-Node-Type-B,23.06,24.01,Midwest,0.55,1,325,1,False,none
2025-06-30,CaaS-Node-Type-C,23.06,23.12,Southwest,0.924,2,366,1,False,none
2025-06-30,CaaS-Node-Type-A,23.12,24.01,Southwest,0.914,2,366,8,False,none
2025-06-30,CaaS-Node-Type-B,22.12,23.06,Southeast,0.884,0,198,1,False,none
2025-07-01,CaaS-Node-Type-B,24.01,24.06,Southeast,0.907,0,182,12,True,major
2025-07-01,CaaS-Node-Type-B,23.12,24.01,Northeast,0.809,0,366,0,False,none
2025-07-01,CaaS-Node-Type-C,24.01,24.12,Northwest,0.93,2,212,2,False,none
2025-07-01,CaaS-Node-Type-B,23.06,23.12,Midwest,0.55,0,303,0,False,none
2025-07-01,CaaS-Node-Type-B,22.12,23.06,Southwest,0.851,0,322,4,False,none
2025-07-02,CaaS-Node-Type-B,24.06,24.12,Northeast,0.811,2,126,1,False,none
2025-07-02,CaaS-Node-Type-B,22.12,23.12,Southwest,0.869,3,170,0,False,none
2025-07-03,CaaS-Node-Type-C,23.12,24.06,Midwest,0.914,2,363,4,False,none
2025-07-03,CaaS-Node-Type-B,24.01,24.12,South_Central,0.883,2,174,2,False,none
2025-07-03,CaaS-Node-Type-C,24.06,24.12,Southeast,0.956,2,310,2,False,none
2025-07-04,CaaS-Node-Type-B,23.12,24.06,Midwest,0.873,0,316,5,False,none
2025-07-05,CaaS-Node-Type-B,23.12,24.01,Northwest,0.879,1,122,1,False,none
2025-07-05,CaaS-Node-Type-A,23.12,24.06,Northeast,0.909,0,172,0,False,none
2025-07-05,CaaS-Node-Type-B,23.06,24.01,Northwest,0.55,1,227,0,False,none
2025-07-06,CaaS-Node-Type-A,23.12,24.01,Southwest,0.9,0,185,2,False,none
2025-07-06,CaaS-Node-Type-A,23.06,24.01,Midwest,0.898,0,122,1,False,none
2025-07-06,CaaS-Node-Type-C,23.06,24.01,Northwest,0.906,1,314,0,False,none
2025-07-06,CaaS-Node-Type-B,24.01,24.12,Northwest,0.907,0,250,0,False,none
2025-07-06,CaaS-Node-Type-B,23.06,24.01,South_Central,0.55,2,229,0,False,none
2025-07-07,CaaS-Node-Type-C,24.01,24.12,Southwest,0.947,2,279,4,False,none
2025-07-07,CaaS-Node-Type-C,24.01,24.12,South_Central,0.893,0,231,3,False,none
2025-07-08,CaaS-Node-Type-B,24.06,24.12,Northeast,0.811,2,172,1,False,none
2025-07-08,CaaS-Node-Type-A,23.06,23.12,Northeast,0.866,0,275,8,False,none
2025-07-08,CaaS-Node-Type-A,23.06,24.01,Midwest,0.928,0,272,4,False,none
2025-07-09,CaaS-Node-Type-B,22.12,23.06,South_Central,0.868,0,230,0,False,none
2025-07-09,CaaS-Node-Type-C,24.06,24.12,Northwest,0.943,0,282,0,False,none
2025-07-09,CaaS-Node-Type-A,23.06,24.01,Midwest,0.94,0,209,2,False,none
2025-07-09,CaaS-Node-Type-A,22.12,23.06,Southeast,0.894,1,379,3,False,none
2025-07-10,CaaS-Node-Type-C,23.06,24.01,Northeast,0.866,0,276,1,False,none
2025-07-11,CaaS-Node-Type-C,22.12,23.12,Northwest,0.892,0,378,0,False,none
2025-07-11,CaaS-Node-Type-C,23.12,24.06,Northwest,0.882,3,136,5,False,none
2025-07-12,CaaS-Node-Type-B,23.12,24.06,Southwest,0.892,0,263,0,False,none
2025-07-13,CaaS-Node-Type-B,24.01,24.12,Northwest,0.906,0,304,0,False,none
2025-07-13,CaaS-Node-Type-C,22.12,23.06,Northeast,0.88,0,326,0,False,none
2025-07-13,CaaS-Node-Type-C,23.06,23.12,Southeast,0.956,0,224,2,False,none
2025-07-14,CaaS-Node-Type-C,23.12,24.01,South_Central,0.892,0,274,0,False,none
2025-07-14,CaaS-Node-Type-C,23.06,23.12,Southwest,0.902,0,241,1,False,none
2025-07-14,CaaS-Node-Type-B,24.01,24.06,Southeast,0.891,0,156,1,False,none
2025-07-14,CaaS-Node-Type-B,22.12,23.06,Southwest,0.893,1,232,0,False,none
2025-07-15,CaaS-Node-Type-A,22.12,23.06,Northeast,0.852,3,252,0,False,none
2025-07-15,CaaS-Node-Type-C,22.12,23.12,Northeast,0.877,1,328,3,False,none
2025-07-15,CaaS-Node-Type-B,23.06,24.01,Northeast,0.55,0,215,4,False,none
2025-07-16,CaaS-Node-Type-C,23.12,24.06,Northeast,0.846,0,243,8,False,none
2025-07-17,CaaS-Node-Type-B,22.12,23.06,Northeast,0.805,0,163,5,False,none
2025-07-17,CaaS-Node-Type-C,24.06,24.12,Southeast,0.934,1,374,0,False,none
2025-07-18,CaaS-Node-Type-B,23.06,23.12,Northwest,0.55,0,235,1,False,none
2025-07-18,CaaS-Node-Type-C,23.12,24.01,Southeast,0.89,0,266,8,False,none
2025-07-19,CaaS-Node-Type-C,23.06,24.01,Midwest,0.9,3,250,4,False,none
2025-07-20,CaaS-Node-Type-B,23.12,24.01,Northwest,0.875,2,357,2,False,none
2025-07-20,CaaS-Node-Type-A,22.12,23.12,Northeast,0.889,0,157,1,False,none
2025-07-20,CaaS-Node-Type-A,23.06,23.12,Northwest,0.905,0,148,0,False,none
2025-07-20,CaaS-Node-Type-A,22.12,23.06,Midwest,0.901,2,358,0,False,none
2025-07-21,CaaS-Node-Type-A,23.06,24.01,Southwest,0.952,1,275,1,False,none
2025-07-21,CaaS-Node-Type-A,24.01,24.12,Northwest,0.96,1,158,12,True,minor
2025-07-21,CaaS-Node-Type-A,22.12,23.06,Northeast,0.838,2,183,2,False,none
2025-07-21,CaaS-Node-Type-B,23.12,24.06,Southeast,0.918,1,314,1,False,none
2025-07-21,CaaS-Node-Type-B,24.06,24.12,Northwest,0.879,2,238,1,False,none
2025-07-22,CaaS-Node-Type-B,23.06,24.01,Midwest,0.55,1,312,0,False,none
2025-07-22,CaaS-Node-Type-B,23.12,24.01,Southwest,0.87,0,261,1,False,none
2025-07-22,CaaS-Node-Type-B,24.01,24.12,Midwest,0.883,1,285,0,False,none
2025-07-23,CaaS-Node-Type-C,24.06,24.12,Southwest,0.935,0,239,2,False,none
2025-07-23,CaaS-Node-Type-A,23.06,23.12,Midwest,0.958,1,208,8,False,none
2025-07-24,CaaS-Node-Type-C,24.01,24.12,Southeast,0.932,0,182,3,False,none
2025-07-24,CaaS-Node-Type-B,23.06,24.01,Northeast,0.55,0,173,5,False,none
2025-07-25,CaaS-Node-Type-A,23.06,24.01,Northeast,0.865,3,350,0,False,none
2025-07-26,CaaS-Node-Type-C,23.06,23.12,Northeast,0.904,0,137,3,False,none
2025-07-26,CaaS-Node-Type-A,23.06,23.12,Northeast,0.879,0,148,1,False,none
2025-07-26,CaaS-Node-Type-A,23.12,24.06,Northwest,0.946,1,128,1,False,none
2025-07-27,CaaS-Node-Type-A,23.12,24.06,Southwest,0.884,0,318,0,False,none
2025-07-27,CaaS-Node-Type-C,23.12,24.06,Southeast,0.906,2,122,0,False,none
2025-07-27,CaaS-Node-Type-C,23.12,24.06,Northwest,0.883,0,224,1,False,none
2025-07-27,CaaS-Node-Type-A,23.12,24.06,South_Central,0.922,0,371,0,False,none
2025-07-27,CaaS-Node-Type-A,23.06,24.01,Northeast,0.854,0,351,0,False,none
2025-07-27,CaaS-Node-Type-A,22.12,23.12,Northeast,0.863,0,318,2,False,none
2025-07-28,CaaS-Node-Type-C,22.12,23.06,Southwest,0.894,0,190,0,False,none
2025-07-29,CaaS-Node-Type-A,23.12,24.01,Midwest,0.936,0,336,8,False,none
2025-07-29,CaaS-Node-Type-A,23.06,23.12,Southwest,0.927,0,242,1,False,none
2025-07-29,CaaS-Node-Type-A,23.12,24.06,Southwest,0.927,0,275,2,False,none
2025-07-29,CaaS-Node-Type-B,23.06,23.12,Midwest,0.55,1,204,12,True,minor
2025-07-30,CaaS-Node-Type-B,24.01,24.06,South_Central,0.914,0,165,0,False,none
2025-07-30,CaaS-Node-Type-C,23.12,24.01,South_Central,0.941,1,355,0,False,none
2025-07-31,CaaS-Node-Type-C,22.12,23.06,Southeast,0.916,0,121,2,False,none
2025-07-31,CaaS-Node-Type-B,24.01,24.12,Southeast,0.877,0,335,0,False,none
2025-08-02,CaaS-Node-Type-C,24.01,24.12,Northeast,0.902,0,352,0,False,none
2025-08-02,CaaS-Node-Type-B,23.06,23.12,Northeast,0.55,0,286,0,False,none
2025-08-02,CaaS-Node-Type-A,24.01,24.12,Southeast,0.953,0,203,2,False,none
2025-08-02,CaaS-Node-Type-B,23.12,24.01,Southwest,0.897,0,300,0,False,none
2025-08-02,CaaS-Node-Type-A,24.06,24.12,South_Central,0.931,0,261,0,False,none
2025-08-03,CaaS-Node-Type-B,24.01,24.12,Southeast,0.877,0,289,3,False,none
2025-08-03,CaaS-Node-Type-A,24.01,24.06,Southwest,0.894,0,354,2,False,none
2025-08-04,CaaS-Node-Type-A,24.06,24.12,Midwest,0.884,0,201,1,False,none
2025-08-04,CaaS-Node-Type-C,22.12,23.06,Southeast,0.938,1,234,0,False,none
2025-08-05,CaaS-Node-Type-B,22.12,23.12,Northwest,0.901,0,290,3,False,none
2025-08-05,CaaS-Node-Type-A,23.12,24.01,Southwest,0.957,0,233,8,False,none
2025-08-05,CaaS-Node-Type-C,22.12,23.06,Midwest,0.904,0,213,0,False,none
2025-08-06,CaaS-Node-Type-A,24.01,24.12,Northwest,0.884,1,142,0,False,none
2025-08-06,CaaS-Node-Type-B,24.01,24.12,South_Central,0.853,0,173,0,False,none
2025-08-06,CaaS-Node-Type-C,22.12,23.12,South_Central,0.906,0,124,0,False,none
2025-08-06,CaaS-Node-Type-B,22.12,23.12,Midwest,0.896,1,228,5,False,none
2025-08-06,CaaS-Node-Type-A,24.06,24.12,Southeast,0.897,2,217,1,False,none
2025-08-06,CaaS-Node-Type-A,22.12,23.06,Northeast,0.837,0,141,0,False,none
2025-08-07,CaaS-Node-Type-A,23.12,24.01,Northeast,0.874,0,313,0,False,none
2025-08-07,CaaS-Node-Type-B,24.06,24.12,Southwest,0.893,1,333,1,False,none
2025-08-07,CaaS-Node-Type-B,23.06,24.01,Northwest,0.55,0,301,0,False,none
2025-08-07,CaaS-Node-Type-B,22.12,23.06,Southeast,0.862,0,323,0,False,none
2025-08-07,CaaS-Node-Type-B,23.12,24.01,Southeast,0.868,1,305,4,False,none
2025-08-08,CaaS-Node-Type-C,23.06,23.12,Midwest,0.911,0,271,5,False,none
2025-08-08,CaaS-Node-Type-B,22.12,23.12,Northeast,0.853,0,244,3,False,none
2025-08-08,CaaS-Node-Type-A,24.01,24.06,Midwest,0.958,0,194,4,False,none
2025-08-08,CaaS-Node-Type-A,22.12,23.12,Northeast,0.89,0,200,3,False,none
2025-08-09,CaaS-Node-Type-B,22.12,23.06,Northwest,0.864,0,259,1,False,none
2025-08-09,CaaS-Node-Type-B,22.12,23.12,Southwest,0.888,0,239,0,False,none
2025-08-09,CaaS-Node-Type-B,24.01,24.06,Southeast,0.919,0,217,0,False,none
2025-08-10,CaaS-Node-Type-C,22.12,23.06,Midwest,0.91,1,185,2,False,none
2025-08-10,CaaS-Node-Type-A,23.06,24.01,Southwest,0.954,1,180,0,False,none
2025-08-10,CaaS-Node-Type-B,22.12,23.06,Midwest,0.853,1,260,1,False,none
2025-08-10,CaaS-Node-Type-B,24.06,24.12,South_Central,0.897,2,242,0,False,none
2025-08-10,CaaS-Node-Type-B,22.12,23.06,Northwest,0.902,0,379,2,False,none
2025-08-10,CaaS-Node-Type-A,24.01,24.12,Southwest,0.96,0,176,0,False,none
2025-08-11,CaaS-Node-Type-A,24.06,24.12,Northwest,0.931,3,294,0,False,none
2025-08-11,CaaS-Node-Type-A,22.12,23.06,Southwest,0.928,1,268,0,False,none
2025-08-13,CaaS-Node-Type-A,22.12,23.12,Southwest,0.897,0,296,5,False,none
2025-08-14,CaaS-Node-Type-C,23.06,24.01,Southwest,0.952,0,312,3,False,none
2025-08-15,CaaS-Node-Type-B,24.01,24.06,Northeast,0.842,0,370,0,False,none
2025-08-16,CaaS-Node-Type-B,24.01,24.06,Southeast,0.875,0,144,0,False,none
2025-08-17,CaaS-Node-Type-B,23.06,23.12,Midwest,0.55,1,127,0,False,none
2025-08-17,CaaS-Node-Type-C,24.01,24.12,Southeast,0.905,0,122,1,False,none
2025-08-17,CaaS-Node-Type-B,23.12,24.06,Southwest,0.876,0,366,0,False,none
2025-08-18,CaaS-Node-Type-B,23.12,24.01,Southwest,0.864,0,208,0,False,none
2025-08-18,CaaS-Node-Type-C,22.12,23.12,Northwest,0.885,0,254,5,False,none
2025-08-18,CaaS-Node-Type-A,24.01,24.06,Northeast,0.909,1,243,1,False,none
2025-08-19,CaaS-Node-Type-B,24.01,24.06,Midwest,0.916,0,165,0,False,none
2025-08-21,CaaS-Node-Type-B,24.01,24.06,Northeast,0.802,1,342,2,False,none
2025-08-21,CaaS-Node-Type-B,23.12,24.01,Northeast,0.844,0,158,0,False,none
2025-08-22,CaaS-Node-Type-B,24.06,24.12,Midwest,0.909,2,323,1,False,none
2025-08-22,CaaS-Node-Type-A,23.06,23.12,Midwest,0.953,0,287,0,False,none
2025-08-22,CaaS-Node-Type-B,24.01,24.12,Southwest,0.889,1,138,2,False,none
2025-08-22,CaaS-Node-Type-C,22.12,23.12,Northwest,0.905,3,340,2,False,none
2025-08-23,CaaS-Node-Type-C,23.12,24.06,Southwest,0.905,3,330,5,False,none
2025-08-23,CaaS-Node-Type-C,23.12,24.01,Midwest,0.942,0,194,5,False,none
2025-08-23,CaaS-Node-Type-B,23.12,24.01,Southeast,0.888,0,251,0,False,none
2025-08-24,CaaS-Node-Type-C,23.06,24.01,Southeast,0.934,1,291,0,False,none
2025-08-24,CaaS-Node-Type-C,24.01,24.12,Southeast,0.907,1,200,2,False,none
2025-08-24,CaaS-Node-Type-C,23.12,24.01,Northeast,0.847,0,220,5,False,none
2025-08-25,CaaS-Node-Type-C,22.12,23.06,Northwest,0.939,0,291,0,False,none
2025-08-25,CaaS-Node-Type-C,24.01,24.12,Northwest,0.892,1,188,1,False,none
2025-08-25,CaaS-Node-Type-A,22.12,23.12,Northeast,0.882,0,178,0,False,none
2025-08-27,CaaS-Node-Type-C,24.06,24.12,Northeast,0.852,0,289,0,False,none
2025-08-28,CaaS-Node-Type-C,23.12,24.06,Northwest,0.891,0,206,1,False,none
2025-08-28,CaaS-Node-Type-C,24.01,24.06,Northwest,0.884,0,363,0,False,none
2025-08-28,CaaS-Node-Type-B,24.01,24.12,Midwest,0.88,1,160,0,False,none
2025-08-29,CaaS-Node-Type-C,23.12,24.06,Southwest,0.936,0,344,3,False,none
2025-08-29,CaaS-Node-Type-B,24.01,24.12,South_Central,0.853,0,362,2,False,none
2025-08-29,CaaS-Node-Type-C,22.12,23.06,Northeast,0.848,0,277,2,False,none
2025-08-30,CaaS-Node-Type-B,24.01,24.12,Southeast,0.907,2,307,12,True,minor
2025-08-30,CaaS-Node-Type-C,24.01,24.12,Northwest,0.906,0,325,1,False,none
2025-08-30,CaaS-Node-Type-C,23.12,24.06,Southwest,0.944,0,302,2,False,none
2025-08-30,CaaS-Node-Type-A,23.06,24.01,Northeast,0.884,0,367,2,False,none
2025-08-30,CaaS-Node-Type-C,22.12,23.12,Northwest,0.946,0,156,1,False,none
2025-08-31,CaaS-Node-Type-B,23.12,24.06,Southeast,0.912,0,313,2,False,none
2025-08-31,CaaS-Node-Type-A,23.12,24.06,Northwest,0.886,1,160,1,False,none
2025-09-01,CaaS-Node-Type-B,22.12,23.12,Southeast,0.887,1,340,5,False,none
2025-09-01,CaaS-Node-Type-C,23.12,24.06,Southeast,0.936,0,232,0,False,none
2025-09-01,CaaS-Node-Type-B,23.12,24.01,Midwest,0.877,0,202,1,False,none
2025-09-01,CaaS-Node-Type-C,24.01,24.12,Southeast,0.924,0,246,1,False,none
2025-09-02,CaaS-Node-Type-C,24.01,24.12,Northeast,0.864,1,124,0,False,none
2025-09-02,CaaS-Node-Type-B,22.12,23.12,Northwest,0.85,0,316,0,False,none
2025-09-02,CaaS-Node-Type-B,23.06,24.01,South_Central,0.55,0,199,0,False,none
2025-09-02,CaaS-Node-Type-B,24.06,24.12,Northeast,0.809,0,265,2,False,none
2025-09-03,CaaS-Node-Type-A,23.12,24.01,Midwest,0.957,0,211,0,False,none
2025-09-03,CaaS-Node-Type-B,23.06,23.12,Southwest,0.55,1,320,3,False,none
2025-09-04,CaaS-Node-Type-B,22.12,23.12,Northwest,0.86,2,237,5,False,none
2025-09-05,CaaS-Node-Type-B,22.12,23.06,South_Central,0.876,0,299,3,False,none
2025-09-06,CaaS-Node-Type-C,23.12,24.06,South_Central,0.89,3,300,1,False,none
2025-09-06,CaaS-Node-Type-B,24.01,24.12,Southeast,0.888,0,308,1,False,none
2025-09-07,CaaS-Node-Type-C,22.12,23.12,Northwest,0.94,2,211,1,False,none
2025-09-07,CaaS-Node-Type-C,24.01,24.12,Midwest,0.92,2,134,2,False,none
2025-09-07,CaaS-Node-Type-A,22.12,23.06,Northeast,0.888,0,177,2,False,none
2025-09-07,CaaS-Node-Type-C,23.12,24.01,Southeast,0.953,0,214,0,False,none
2025-09-07,CaaS-Node-Type-B,22.12,23.12,Southeast,0.891,2,333,1,False,none
2025-09-08,CaaS-Node-Type-B,22.12,23.06,Southeast,0.878,2,327,2,False,none
2025-09-08,CaaS-Node-Type-A,23.12,24.01,Southeast,0.92,0,347,2,False,none
2025-09-08,CaaS-Node-Type-C,22.12,23.06,Northeast,0.908,0,234,1,False,none
2025-09-09,CaaS-Node-Type-C,23.12,24.06,Northeast,0.89,0,210,0,False,none
2025-09-10,CaaS-Node-Type-A,23.06,24.01,Southwest,0.914,0,277,3,False,none
2025-09-10,CaaS-Node-Type-A,23.06,24.01,South_Central,0.907,1,303,0,False,none
2025-09-10,CaaS-Node-Type-A,24.01,24.12,Midwest,0.931,0,357,1,False,none
2025-09-11,CaaS-Node-Type-B,23.06,23.12,Southwest,0.55,0,264,0,False,none
2025-09-12,CaaS-Node-Type-A,24.01,24.12,Northwest,0.943,0,300,0,False,none
2025-09-12,CaaS-Node-Type-A,24.01,24.12,Southwest,0.959,1,311,1,False,none
2025-09-12,CaaS-Node-Type-B,24.01,24.06,Northeast,0.868,1,295,0,False,none
2025-09-14,CaaS-Node-Type-C,23.06,23.12,Southwest,0.895,0,129,3,False,none
2025-09-14,CaaS-Node-Type-C,24.01,24.12,Midwest,0.926,0,221,0,False,none
2025-09-14,CaaS-Node-Type-C,23.12,24.01,Northeast,0.893,0,371,3,False,none
2025-09-16,CaaS-Node-Type-B,23.12,24.06,South_Central,0.871,1,370,2,False,none
2025-09-16,CaaS-Node-Type-C,24.01,24.06,Northeast,0.899,1,121,0,False,none
2025-09-16,CaaS-Node-Type-B,23.12,24.01,Northwest,0.878,1,326,0,False,none
2025-09-17,CaaS-Node-Type-C,24.06,24.12,Northwest,0.933,0,149,1,False,none
2025-09-17,CaaS-Node-Type-C,22.12,23.06,Midwest,0.947,0,120,0,False,none
2025-09-18,CaaS-Node-Type-B,23.12,24.01,Northeast,0.865,2,321,0,False,none
2025-09-19,CaaS-Node-Type-C,22.12,23.06,Northeast,0.892,2,262,3,False,none
2025-09-20,CaaS-Node-Type-B,23.06,24.01,Southeast,0.55,3,127,1,False,none
2025-09-20,CaaS-Node-Type-A,22.12,23.12,Southwest,0.888,2,339,2,False,none
2025-09-21,CaaS-Node-Type-A,23.12,24.06,Northwest,0.918,0,346,0,False,none
2025-09-21,CaaS-Node-Type-A,24.01,24.06,South_Central,0.898,0,347,1,False,none
2025-09-21,CaaS-Node-Type-A,23.06,24.01,Southeast,0.926,1,312,0,False,none
2025-09-21,CaaS-Node-Type-A,24.06,24.12,Northeast,0.84,0,279,3,False,none
2025-09-21,CaaS-Node-Type-C,23.12,24.06,Southwest,0.908,0,226,0,False,none
2025-09-22,CaaS-Node-Type-B,23.06,24.01,Midwest,0.55,0,323,0,False,none
2025-09-22,CaaS-Node-Type-B,22.12,23.06,Northeast,0.86,0,143,1,False,none
2025-09-22,CaaS-Node-Type-C,24.01,24.06,Northwest,0.951,0,144,12,True,major
2025-09-22,CaaS-Node-Type-C,22.12,23.12,Southeast,0.886,2,166,8,False,none
2025-09-22,CaaS-Node-Type-B,23.12,24.06,Northeast,0.822,1,229,2,False,none
2025-09-23,CaaS-Node-Type-A,23.12,24.01,South_Central,0.89,1,340,1,False,none
2025-09-23,CaaS-Node-Type-C,22.12,23.12,South_Central,0.911,2,290,1,False,none
2025-09-23,CaaS-Node-Type-B,23.06,24.01,Northwest,0.55,0,143,4,False,none
2025-09-24,CaaS-Node-Type-C,24.06,24.12,Midwest,0.883,3,200,0,False,none
2025-09-24,CaaS-Node-Type-B,22.12,23.12,Southwest,0.87,0,347,4,False,none
2025-09-25,CaaS-Node-Type-A,24.01,24.06,Midwest,0.907,0,139,2,False,none
2025-09-26,CaaS-Node-Type-C,24.01,24.12,Northeast,0.847,0,211,5,False,none
2025-09-26,CaaS-Node-Type-C,22.12,23.06,Southeast,0.952,0,323,1,False,none
2025-09-26,CaaS-Node-Type-B,23.12,24.01,Northeast,0.867,0,373,2,False,none
2025-09-27,CaaS-Node-Type-B,23.06,23.12,Southwest,0.55,0,314,3,False,none
2025-09-27,CaaS-Node-Type-B,23.12,24.06,Southeast,0.872,3,337,0,False,none
2025-09-29,CaaS-Node-Type-B,23.06,24.01,Northwest,0.55,0,326,1,False,none
2025-09-29,CaaS-Node-Type-A,23.06,24.01,South_Central,0.926,0,233,4,False,none
2025-09-30,CaaS-Node-Type-C,23.06,24.01,South_Central,0.95,0,322,4,False,none
2025-10-01,CaaS-Node-Type-C,22.12,23.12,Northwest,0.884,0,124,3,False,none
2025-10-02,CaaS-Node-Type-B,22.12,23.06,South_Central,0.891,0,345,4,False,none
2025-10-03,CaaS-Node-Type-B,23.06,24.01,Northeast,0.55,0,368,4,False,none
2025-10-04,CaaS-Node-Type-C,22.12,23.12,Midwest,0.948,1,333,0,False,none
2025-10-04,CaaS-Node-Type-A,24.01,24.12,Northwest,0.883,2,141,0,False,none
2025-10-06,CaaS-Node-Type-A,23.12,24.06,South_Central,0.904,0,170,3,False,none
2025-10-06,CaaS-Node-Type-A,22.12,23.06,Northwest,0.882,0,157,1,False,none
2025-10-06,CaaS-Node-Type-A,22.12,23.12,Midwest,0.91,0,256,0,False,none
2025-10-06,CaaS-Node-Type-B,23.12,24.06,Northeast,0.809,1,210,5,False,none
2025-10-06,CaaS-Node-Type-B,23.06,24.01,Southeast,0.55,0,231,1,False,none
2025-10-07,CaaS-Node-Type-C,24.01,24.06,Midwest,0.932,0,369,1,False,none
2025-10-07,CaaS-Node-Type-B,23.06,24.01,Midwest,0.55,0,126,4,False,none
2025-10-08,CaaS-Node-Type-A,24.01,24.06,Southeast,0.885,1,293,0,False,none
2025-10-09,CaaS-Node-Type-C,24.01,24.12,South_Central,0.89,2,178,0,False,none
2025-10-09,CaaS-Node-Type-C,23.06,24.01,Midwest,0.927,0,295,0,False,none
2025-10-09,CaaS-Node-Type-A,24.01,24.12,South_Central,0.884,0,156,2,False,none
2025-10-09,CaaS-Node-Type-B,22.12,23.12,Midwest,0.854,0,198,0,False,none
2025-10-10,CaaS-Node-Type-B,22.12,23.12,Southwest,0.913,0,304,5,False,none
2025-10-10,CaaS-Node-Type-B,24.01,24.06,South_Central,0.859,1,191,3,False,none
2025-10-11,CaaS-Node-Type-C,22.12,23.06,Southeast,0.885,0,150,1,False,none
2025-10-11,CaaS-Node-Type-C,23.06,24.01,South_Central,0.886,0,178,0,False,none
2025-10-11,CaaS-Node-Type-B,23.06,24.01,Midwest,0.55,0,272,1,False,none
2025-10-12,CaaS-Node-Type-B,23.06,24.01,Northeast,0.55,2,212,5,False,none
2025-10-12,CaaS-Node-Type-B,24.06,24.12,Northwest,0.899,0,377,5,False,none
2025-10-12,CaaS-Node-Type-B,23.06,24.01,Northeast,0.55,0,259,0,False,none
2025-10-12,CaaS-Node-Type-C,24.01,24.12,Midwest,0.944,0,305,2,False,none
2025-10-13,CaaS-Node-Type-A,23.12,24.01,Southwest,0.894,0,144,2,False,none
2025-10-14,CaaS-Node-Type-B,23.12,24.01,Midwest,0.902,0,294,0,False,none
2025-10-14,CaaS-Node-Type-B,22.12,23.12,Southwest,0.895,0,274,3,False,none
2025-10-14,CaaS-Node-Type-C,23.06,24.01,Southwest,0.898,0,152,0,False,none
2025-10-14,CaaS-Node-Type-B,24.01,24.06,Southeast,0.895,0,294,3,False,none
2025-10-15,CaaS-Node-Type-A,24.01,24.06,Midwest,0.887,0,307,0,False,none
2025-10-16,CaaS-Node-Type-A,23.06,23.12,Midwest,0.895,0,256,1,False,none
2025-10-16,CaaS-Node-Type-A,24.01,24.06,South_Central,0.913,0,343,2,False,none
2025-10-17,CaaS-Node-Type-A,23.12,24.01,Southeast,0.895,2,240,0,False,none
2025-10-18,CaaS-Node-Type-A,24.06,24.12,South_Central,0.927,0,337,5,False,none
2025-10-19,CaaS-Node-Type-C,22.12,23.12,Southeast,0.932,0,304,0,False,none
2025-10-19,CaaS-Node-Type-C,23.12,24.06,Northwest,0.945,3,378,0,False,none
2025-10-19,CaaS-Node-Type-B,24.01,24.06,South_Central,0.912,1,369,2,False,none
2025-10-20,CaaS-Node-Type-C,23.06,23.12,South_Central,0.886,0,194,3,False,none
2025-10-20,CaaS-Node-Type-A,24.06,24.12,Southwest,0.898,0,143,5,False,none
2025-10-21,CaaS-Node-Type-C,23.12,24.01,Midwest,0.925,0,178,8,False,none
2025-10-21,CaaS-Node-Type-A,22.12,23.12,Southeast,0.887,0,219,1,False,none
2025-10-21,CaaS-Node-Type-C,22.12,23.06,South_Central,0.96,1,329,0,False,none
2025-10-21,CaaS-Node-Type-A,23.12,24.01,South_Central,0.883,1,287,1,False,none
2025-10-22,CaaS-Node-Type-A,24.01,24.06,Midwest,0.958,0,376,1,False,none
2025-10-23,CaaS-Node-Type-B,23.06,24.01,South_Central,0.55,0,223,4,False,none
2025-10-23,CaaS-Node-Type-B,23.12,24.06,Southeast,0.871,0,262,1,False,none
2025-10-24,CaaS-Node-Type-C,23.06,23.12,Northeast,0.908,1,232,5,False,none
2025-10-24,CaaS-Node-Type-B,22.12,23.12,Northeast,0.854,1,127,0,False,none
2025-10-25,CaaS-Node-Type-A,23.06,23.12,Southwest,0.915,0,172,4,False,none
2025-10-25,CaaS-Node-Type-B,24.01,24.06,Southeast,0.919,0,336,2,False,none
2025-10-25,CaaS-Node-Type-B,24.06,24.12,South_Central,0.885,0,125,2,False,none
2025-10-25,CaaS-Node-Type-A,22.12,23.12,Northwest,0.938,0,171,0,False,none
2025-10-25,CaaS-Node-Type-B,23.12,24.01,Southwest,0.854,0,313,0,False,none
2025-10-26,CaaS-Node-Type-B,23.06,24.01,South_Central,0.55,1,344,0,False,none
2025-10-26,CaaS-Node-Type-A,22.12,23.12,Southeast,0.946,0,313,0,False,none
2025-10-26,CaaS-Node-Type-B,24.06,24.12,Southeast,0.862,0,190,2,False,none
2025-10-27,CaaS-Node-Type-C,24.01,24.12,Northeast,0.888,1,228,0,False,none
2025-10-27,CaaS-Node-Type-C,22.12,23.06,Southeast,0.933,1,363,1,False,none
2025-10-28,CaaS-Node-Type-A,22.12,23.12,Midwest,0.96,0,263,0,False,none
2025-10-28,CaaS-Node-Type-C,22.12,23.06,Northeast,0.888,3,210,1,False,none
2025-10-28,CaaS-Node-Type-C,24.06,24.12,South_Central,0.955,0,367,0,False,none
2025-10-29,CaaS-Node-Type-A,24.06,24.12,South_Central,0.923,1,215,2,False,none
2025-10-29,CaaS-Node-Type-C,22.12,23.06,Southeast,0.94,1,216,0,False,none
2025-10-30,CaaS-Node-Type-B,24.06,24.12,Midwest,0.861,0,362,0,False,none
2025-10-30,CaaS-Node-Type-B,22.12,23.12,Southwest,0.871,0,184,0,False,none
2025-10-30,CaaS-Node-Type-A,22.12,23.12,South_Central,0.918,0,157,4,False,none
2025-10-30,CaaS-Node-Type-A,24.01,24.12,South_Central,0.931,0,161,3,False,none
2025-10-30,CaaS-Node-Type-B,24.01,24.12,Northwest,0.868,1,360,0,False,none
2025-10-31,CaaS-Node-Type-B,23.12,24.01,Northeast,0.866,0,216,3,False,none
2025-10-31,CaaS-Node-Type-C,23.06,23.12,South_Central,0.889,0,343,2,False,none
2025-10-31,CaaS-Node-Type-B,24.01,24.06,Northwest,0.873,0,193,5,False,none
2025-11-01,CaaS-Node-Type-C,23.12,24.06,Midwest,0.906,0,299,8,False,none
2025-11-02,CaaS-Node-Type-B,23.12,24.06,Southwest,0.92,0,316,0,False,none
2025-11-02,CaaS-Node-Type-C,23.12,24.01,South_Central,0.942,0,229,1,False,none
2025-11-04,CaaS-Node-Type-B,24.01,24.12,Southeast,0.873,0,139,2,False,none
2025-11-05,CaaS-Node-Type-A,22.12,23.12,Southeast,0.881,0,166,12,True,minor
2025-11-05,CaaS-Node-Type-C,22.12,23.12,Midwest,0.916,0,152,0,False,none
2025-11-05,CaaS-Node-Type-A,24.01,24.06,Northwest,0.946,2,343,1,False,none
2025-11-05,CaaS-Node-Type-C,24.01,24.06,Midwest,0.938,1,285,2,False,none
2025-11-06,CaaS-Node-Type-B,23.06,23.12,South_Central,0.55,0,337,1,False,none
2025-11-06,CaaS-Node-Type-C,23.06,24.01,Northeast,0.874,0,191,2,False,none
2025-11-06,CaaS-Node-Type-A,24.01,24.12,South_Central,0.917,0,148,5,False,none
2025-11-06,CaaS-Node-Type-A,22.12,23.06,Midwest,0.935,1,228,0,False,none
2025-11-06,CaaS-Node-Type-A,24.01,24.06,Midwest,0.91,0,141,0,False,none
2025-11-06,CaaS-Node-Type-A,23.06,24.01,Southeast,0.949,0,121,3,False,none
2025-11-07,CaaS-Node-Type-B,22.12,23.12,Northeast,0.84,2,242,0,False,none
2025-11-07,CaaS-Node-Type-B,24.01,24.06,South_Central,0.873,0,228,0,False,none
2025-11-07,CaaS-Node-Type-B,24.01,24.06,Southeast,0.917,2,325,0,False,none
2025-11-08,CaaS-Node-Type-B,22.12,23.06,Northwest,0.874,0,316,1,False,none
2025-11-08,CaaS-Node-Type-B,24.06,24.12,Southeast,0.882,2,323,0,False,none
2025-11-08,CaaS-Node-Type-C,24.01,24.06,South_Central,0.944,0,264,1,False,none
2025-11-09,CaaS-Node-Type-A,24.01,24.06,Midwest,0.913,1,191,0,False,none
2025-11-09,CaaS-Node-Type-A,23.12,24.06,Northwest,0.947,2,167,2,False,none
2025-11-10,CaaS-Node-Type-A,23.12,24.06,Southwest,0.882,0,218,0,False,none
2025-11-10,CaaS-Node-Type-B,22.12,23.12,Southeast,0.865,0,242,2,False,none
2025-11-11,CaaS-Node-Type-C,23.06,23.12,Southwest,0.953,0,152,8,False,none
2025-11-11,CaaS-Node-Type-A,23.12,24.06,Midwest,0.884,2,344,1,False,none
2025-11-13,CaaS-Node-Type-A,24.01,24.12,Southeast,0.91,0,219,1,False,none
2025-11-14,CaaS-Node-Type-B,24.01,24.12,Northwest,0.867,1,133,0,False,none
2025-11-14,CaaS-Node-Type-A,22.12,23.06,Northeast,0.891,0,319,0,False,none
2025-11-14,CaaS-Node-Type-B,23.12,24.06,South_Central,0.866,1,361,3,False,none
2025-11-14,CaaS-Node-Type-C,22.12,23.06,Northeast,0.885,2,216,4,False,none
2025-11-15,CaaS-Node-Type-C,24.01,24.06,South_Central,0.948,3,261,1,False,none
2025-11-15,CaaS-Node-Type-B,24.01,24.06,Southeast,0.854,1,238,1,False,none
2025-11-15,CaaS-Node-Type-C,23.06,23.12,Midwest,0.889,0,276,3,False,none
2025-11-15,CaaS-Node-Type-A,24.01,24.12,Midwest,0.933,1,291,5,False,none
2025-11-16,CaaS-Node-Type-A,23.12,24.06,Southeast,0.918,1,308,5,False,none
2025-11-16,CaaS-Node-Type-C,23.12,24.01,Southeast,0.937,0,122,0,False,none
2025-11-16,CaaS-Node-Type-C,22.12,23.06,Northwest,0.946,0,292,0,False,none
2025-11-17,CaaS-Node-Type-C,24.01,24.12,Northeast,0.836,1,179,2,False,none
2025-11-17,CaaS-Node-Type-A,23.06,24.01,Southeast,0.943,3,288,0,False,none
2025-11-18,CaaS-Node-Type-A,23.12,24.06,South_Central,0.948,3,336,0,False,none
2025-11-19,CaaS-Node-Type-C,22.12,23.12,Southwest,0.933,0,378,1,False,none
2025-11-19,CaaS-Node-Type-B,24.06,24.12,Southeast,0.907,2,377,0,False,none
2025-11-20,CaaS-Node-Type-B,23.06,24.01,South_Central,0.55,1,217,0,False,none
2025-11-20,CaaS-Node-Type-A,23.06,24.01,Southeast,0.914,2,379,0,False,none
2025-11-20,CaaS-Node-Type-A,24.01,24.12,Midwest,0.917,0,229,8,False,none
2025-11-21,CaaS-Node-Type-A,22.12,23.06,Northeast,0.881,1,372,0,False,none
2025-11-21,CaaS-Node-Type-B,23.06,23.12,Southwest,0.55,0,251,0,False,none
2025-11-21,CaaS-Node-Type-B,23.06,23.12,Northwest,0.55,2,377,0,False,none
2025-11-22,CaaS-Node-Type-A,23.06,23.12,Northeast,0.887,1,264,4,False,none
2025-11-22,CaaS-Node-Type-C,23.12,24.01,South_Central,0.905,0,317,0,False,none
2025-11-22,CaaS-Node-Type-B,24.01,24.06,Midwest,0.916,0,361,1,False,none
2025-11-23,CaaS-Node-Type-C,22.12,23.12,Southwest,0.902,2,240,0,False,none
2025-11-23,CaaS-Node-Type-C,24.06,24.12,South_Central,0.922,0,305,0,False,none
2025-11-24,CaaS-Node-Type-B,23.06,23.12,Midwest,0.55,0,270,0,False,none
2025-11-24,CaaS-Node-Type-A,23.12,24.06,Midwest,0.91,0,276,0,False,none
2025-11-25,CaaS-Node-Type-A,23.12,24.01,Southeast,0.912,0,207,0,False,none
2025-11-25,CaaS-Node-Type-C,22.12,23.06,Southwest,0.89,0,268,5,False,none
2025-11-25,CaaS-Node-Type-C,22.12,23.12,Southeast,0.938,0,178,0,False,none
2025-11-26,CaaS-Node-Type-A,23.12,24.01,South_Central,0.921,0,254,1,False,none
2025-11-27,CaaS-Node-Type-C,23.06,24.01,Northeast,0.893,0,201,0,False,none
2025-11-27,CaaS-Node-Type-B,22.12,23.12,Southwest,0.912,0,333,2,False,none
2025-11-27,CaaS-Node-Type-B,24.06,24.12,Southwest,0.913,2,127,2,False,none
2025-11-29,CaaS-Node-Type-B,23.12,24.01,Midwest,0.871,0,179,3,False,none
2025-11-29,CaaS-Node-Type-B,23.12,24.06,South_Central,0.875,0,183,1,False,none
2025-11-29,CaaS-Node-Type-B,22.12,23.06,Midwest,0.854,0,317,0,False,none
2025-11-29,CaaS-Node-Type-B,23.12,24.06,Southwest,0.892,2,331,0,False,none
2025-11-29,CaaS-Node-Type-A,23.06,23.12,Southeast,0.927,1,349,4,False,none
2025-12-01,CaaS-Node-Type-C,24.06,24.12,Southeast,0.931,0,328,1,False,none
2025-12-02,CaaS-Node-Type-B,23.12,24.01,Midwest,0.876,2,350,1,False,none
2025-12-02,CaaS-Node-Type-B,23.06,23.12,Southwest,0.55,2,220,0,False,none
2025-12-02,CaaS-Node-Type-C,24.01,24.06,South_Central,0.932,0,174,0,False,none
2025-12-02,CaaS-Node-Type-B,22.12,23.12,Northwest,0.861,0,281,3,False,none
2025-12-04,CaaS-Node-Type-C,24.01,24.12,Northeast,0.843,0,227,8,False,none
2025-12-04,CaaS-Node-Type-B,23.12,24.01,Southwest,0.914,1,127,4,False,none
2025-12-05,CaaS-Node-Type-B,23.06,24.01,Midwest,0.55,0,219,0,False,none
2025-12-05,CaaS-Node-Type-C,24.06,24.12,Northwest,0.893,0,230,2,False,none
2025-12-05,CaaS-Node-Type-A,23.12,24.01,Midwest,0.948,1,196,0,False,none
2025-12-06,CaaS-Node-Type-A,24.06,24.12,Southeast,0.885,0,380,4,False,none
2025-12-06,CaaS-Node-Type-C,24.01,24.06,Midwest,0.882,2,183,2,False,none
2025-12-06,CaaS-Node-Type-C,22.12,23.12,Southeast,0.937,2,371,2,False,none
2025-12-06,CaaS-Node-Type-B,24.01,24.06,Midwest,0.86,2,193,1,False,none
2025-12-07,CaaS-Node-Type-A,24.01,24.06,Southeast,0.95,1,328,1,False,none
2025-12-07,CaaS-Node-Type-C,23.06,24.01,Southeast,0.905,1,281,2,False,none
2025-12-08,CaaS-Node-Type-B,24.01,24.12,Southwest,0.898,0,326,0,False,none
2025-12-08,CaaS-Node-Type-C,22.12,23.12,Southwest,0.942,0,252,0,False,none
2025-12-08,CaaS-Node-Type-B,24.01,24.12,Southwest,0.888,0,297,2,False,none
2025-12-08,CaaS-Node-Type-B,23.12,24.01,Southeast,0.888,0,249,0,False,none
2025-12-09,CaaS-Node-Type-B,22.12,23.12,Midwest,0.861,1,302,12,True,major
2025-12-09,CaaS-Node-Type-B,23.12,24.06,South_Central,0.905,0,372,0,False,none
2025-12-10,CaaS-Node-Type-A,23.06,23.12,Southeast,0.905,2,244,4,False,none
2025-12-10,CaaS-Node-Type-C,24.01,24.12,Midwest,0.944,2,228,8,False,none
2025-12-10,CaaS-Node-Type-A,24.01,24.06,Midwest,0.882,0,379,0,False,none
2025-12-10,CaaS-Node-Type-C,22.12,23.12,Northeast,0.892,0,150,4,False,none
2025-12-10,CaaS-Node-Type-C,23.06,24.01,Midwest,0.944,1,361,0,False,none
2025-12-10,CaaS-Node-Type-A,23.12,24.06,Northeast,0.838,2,340,2,False,none
2025-12-11,CaaS-Node-Type-B,23.12,24.01,Southwest,0.916,1,323,0,False,none
2025-12-12,CaaS-Node-Type-C,24.01,24.06,Midwest,0.905,0,265,0,False,none
2025-12-12,CaaS-Node-Type-B,24.06,24.12,Northeast,0.847,1,158,4,False,none
2025-12-12,CaaS-Node-Type-B,23.06,24.01,Southwest,0.55,0,241,2,False,none
2025-12-12,CaaS-Node-Type-A,22.12,23.06,Southwest,0.951,2,247,1,False,none
2025-12-13,CaaS-Node-Type-A,24.01,24.06,Southeast,0.911,0,290,2,False,none
2025-12-14,CaaS-Node-Type-C,23.06,23.12,Midwest,0.905,0,293,0,False,none
2025-12-15,CaaS-Node-Type-B,23.12,24.06,Southwest,0.885,0,323,2,False,none
2025-12-15,CaaS-Node-Type-A,23.06,24.01,Southeast,0.955,0,254,0,False,none
2025-12-15,CaaS-Node-Type-B,23.12,24.01,Southwest,0.874,1,265,2,False,none
2025-12-15,CaaS-Node-Type-A,23.12,24.06,Northwest,0.898,0,224,3,False,none
2025-12-15,CaaS-Node-Type-B,24.06,24.12,South_Central,0.854,0,189,0,False,none
2025-12-16,CaaS-Node-Type-C,24.06,24.12,South_Central,0.887,1,138,8,False,none
2025-12-16,CaaS-Node-Type-C,23.06,23.12,Midwest,0.957,1,314,0,False,none
2025-12-16,CaaS-Node-Type-C,24.01,24.06,Northwest,0.916,0,206,0,False,none
2025-12-17,CaaS-Node-Type-C,24.06,24.12,Northwest,0.936,0,337,3,False,none
2025-12-17,CaaS-Node-Type-C,24.01,24.12,Southwest,0.95,0,229,0,False,none
2025-12-17,CaaS-Node-Type-C,23.12,24.01,Northwest,0.954,2,318,0,False,none
2025-12-18,CaaS-Node-Type-A,23.12,24.01,Southwest,0.937,0,205,0,False,none
2025-12-19,CaaS-Node-Type-A,23.12,24.01,Southeast,0.941,2,294,2,False,none
2025-12-19,CaaS-Node-Type-C,22.12,23.06,Southeast,0.941,2,336,5,False,none
2025-12-19,CaaS-Node-Type-B,24.01,24.12,Southeast,0.861,0,363,1,False,none
2025-12-21,CaaS-Node-Type-A,22.12,23.06,South_Central,0.948,0,137,0,False,none
2025-12-21,CaaS-Node-Type-A,22.12,23.12,Southeast,0.89,0,310,2,False,none
2025-12-22,CaaS-Node-Type-B,24.06,24.12,Midwest,0.876,1,307,3,False,none
2025-12-22,CaaS-Node-Type-A,23.06,23.12,Midwest,0.898,0,151,0,False,none
2025-12-23,CaaS-Node-Type-A,23.06,23.12,Northwest,0.902,0,153,0,False,none
2025-12-23,CaaS-Node-Type-B,22.12,23.12,South_Central,0.874,0,265,1,False,none
2025-12-24,CaaS-Node-Type-B,24.01,24.06,Midwest,0.86,0,166,0,False,none
2025-12-25,CaaS-Node-Type-A,23.06,23.12,Southeast,0.957,1,135,2,False,none
2025-12-25,CaaS-Node-Type-B,24.01,24.06,Southeast,0.906,0,329,8,False,none
2025-12-25,CaaS-Node-Type-A,23.06,24.01,Northeast,0.885,2,262,1,False,none
2025-12-26,CaaS-Node-Type-A,24.01,24.06,Southwest,0.957,0,341,4,False,none
2025-12-26,CaaS-Node-Type-B,24.06,24.12,South_Central,0.859,0,284,0,False,none
2025-12-27,CaaS-Node-Type-A,24.01,24.06,South_Central,0.956,1,348,0,False,none
2025-12-27,CaaS-Node-Type-A,23.06,24.01,Midwest,0.896,0,358,1,False,none
2025-12-27,CaaS-Node-Type-C,22.12,23.12,Southeast,0.917,1,289,8,False,none
2025-12-28,CaaS-Node-Type-A,22.12,23.06,Northwest,0.91,0,133,1,False,none
2025-12-28,CaaS-Node-Type-B,24.01,24.06,Northeast,0.834,0,242,2,False,none
2025-12-29,CaaS-Node-Type-B,24.01,24.12,Southwest,0.903,1,209,1,False,none
2025-12-30,CaaS-Node-Type-B,23.12,24.06,Northeast,0.827,1,369,1,False,none
2025-12-30,CaaS-Node-Type-A,23.06,23.12,Southwest,0.894,3,275,0,False,none
2025-12-30,CaaS-Node-Type-C,24.01,24.06,Northwest,0.931,1,184,1,False,none
2025-12-31,CaaS-Node-Type-B,22.12,23.06,Southwest,0.857,0,359,0,False,none
2026-01-14,CaaS-Node-Type-B,23.06,24.01,Northeast,0.61,3,347,12,True,geographic
