week_start,product_id,region,units_sold
2025-08-11,PRD-CSW-4860,Northeast,1028
2025-08-11,PRD-CSW-4860,Midwest,1130
2025-08-11,PRD-CSW-4860,South,1112
2025-08-11,PRD-CSW-4860,Southeast,1106
2025-08-11,PRD-VSD-2201,Northeast,2472
2025-08-11,PRD-VSD-2201,Midwest,2472
2025-08-11,PRD-VSD-2201,South,2470
2025-08-11,PRD-VSD-2201,Southeast,2408
2025-08-11,PRD-RFP-1102,Northeast,851
2025-08-11,PRD-RFP-1102,Midwest,807
2025-08-11,PRD-RFP-1102,South,969
2025-08-11,PRD-RFP-1102,Southeast,931
2025-08-11,PRD-DRL-3304,Northeast,550
2025-08-11,PRD-DRL-3304,Midwest,492
2025-08-11,PRD-DRL-3304,South,551
2025-08-11,PRD-DRL-3304,Southeast,528
2025-08-11,PRD-TRM-9910,Northeast,1379
2025-08-11,PRD-TRM-9910,Midwest,1343
2025-08-11,PRD-TRM-9910,South,1263
2025-08-11,PRD-TRM-9910,Southeast,1364
2025-08-11,PRD-SSH-5402,Northeast,367
2025-08-11,PRD-SSH-5402,Midwest,347
2025-08-11,PRD-SSH-5402,South,416
2025-08-11,PRD-SSH-5402,Southeast,446
2025-08-18,PRD-CSW-4860,Northeast,1050
2025-08-18,PRD-CSW-4860,Midwest,1152
2025-08-18,PRD-CSW-4860,South,1062
2025-08-18,PRD-CSW-4860,Southeast,1107
2025-08-18,PRD-VSD-2201,Northeast,2593
2025-08-18,PRD-VSD-2201,Midwest,2471
2025-08-18,PRD-VSD-2201,South,2433
2025-08-18,PRD-VSD-2201,Southeast,2329
2025-08-18,PRD-RFP-1102,Northeast,843
2025-08-18,PRD-RFP-1102,Midwest,846
2025-08-18,PRD-RFP-1102,South,1020
2025-08-18,PRD-RFP-1102,Southeast,917
2025-08-18,PRD-DRL-3304,Northeast,498
2025-08-18,PRD-DRL-3304,Midwest,552
2025-08-18,PRD-DRL-3304,South,544
2025-08-18,PRD-DRL-3304,Southeast,506
2025-08-18,PRD-TRM-9910,Northeast,1331
2025-08-18,PRD-TRM-9910,Midwest,1292
2025-08-18,PRD-TRM-9910,South,1258
2025-08-18,PRD-TRM-9910,Southeast,1348
2025-08-18,PRD-SSH-5402,Northeast,373
2025-08-18,PRD-SSH-5402,Midwest,327
2025-08-18,PRD-SSH-5402,South,456
2025-08-18,PRD-SSH-5402,Southeast,401
2025-08-25,PRD-CSW-4860,Northeast,1079
2025-08-25,PRD-CSW-4860,Midwest,1098
2025-08-25,PRD-CSW-4860,South,1095
2025-08-25,PRD-CSW-4860,Southeast,1166
2025-08-25,PRD-VSD-2201,Northeast,2434
2025-08-25,PRD-VSD-2201,Midwest,2572
2025-08-25,PRD-VSD-2201,South,2594
2025-08-25,PRD-VSD-2201,Southeast,2331
2025-08-25,PRD-RFP-1102,Northeast,828
2025-08-25,PRD-RFP-1102,Midwest,850
2025-08-25,PRD-RFP-1102,South,1008
2025-08-25,PRD-RFP-1102,Southeast,975
2025-08-25,PRD-DRL-3304,Northeast,530
2025-08-25,PRD-DRL-3304,Midwest,501
2025-08-25,PRD-DRL-3304,South,504
2025-08-25,PRD-DRL-3304,Southeast,559
2025-08-25,PRD-TRM-9910,Northeast,1246
2025-08-25,PRD-TRM-9910,Midwest,1307
2025-08-25,PRD-TRM-9910,South,1217
2025-08-25,PRD-TRM-9910,Southeast,1333
2025-08-25,PRD-SSH-5402,Northeast,368
2025-08-25,PRD-SSH-5402,Midwest,341
2025-08-25,PRD-SSH-5402,South,415
2025-08-25,PRD-SSH-5402,Southeast,424
2025-09-01,PRD-CSW-4860,Northeast,1074
2025-09-01,PRD-CSW-4860,Midwest,1159
2025-09-01,PRD-CSW-4860,South,1033
2025-09-01,PRD-CSW-4860,Southeast,1058
2025-09-01,PRD-VSD-2201,Northeast,2553
2025-09-01,PRD-VSD-2201,Midwest,2610
2025-09-01,PRD-VSD-2201,South,2525
2025-09-01,PRD-VSD-2201,Southeast,2483
2025-09-01,PRD-RFP-1102,Northeast,796
2025-09-01,PRD-RFP-1102,Midwest,749
2025-09-01,PRD-RFP-1102,South,940
2025-09-01,PRD-RFP-1102,Southeast,1003
2025-09-01,PRD-DRL-3304,Northeast,488
2025-09-01,PRD-DRL-3304,Midwest,537
2025-09-01,PRD-DRL-3304,South,496
2025-09-01,PRD-DRL-3304,Southeast,534
2025-09-01,PRD-TRM-9910,Northeast,1326
2025-09-01,PRD-TRM-9910,Midwest,1335
2025-09-01,PRD-TRM-9910,South,1215
2025-09-01,PRD-TRM-9910,Southeast,1292
2025-09-01,PRD-SSH-5402,Northeast,326
2025-09-01,PRD-SSH-5402,Midwest,339
2025-09-01,PRD-SSH-5402,South,439
2025-09-01,PRD-SSH-5402,Southeast,453
2025-09-08,PRD-CSW-4860,Northeast,1143
2025-09-08,PRD-CSW-4860,Midwest,1128
2025-09-08,PRD-CSW-4860,South,1110
2025-09-08,PRD-CSW-4860,Southeast,1168
2025-09-08,PRD-VSD-2201,Northeast,2468
2025-09-08,PRD-VSD-2201,Midwest,2442
2025-09-08,PRD-VSD-2201,South,2512
2025-09-08,PRD-VSD-2201,Southeast,2466
2025-09-08,PRD-RFP-1102,Northeast,765
2025-09-08,PRD-RFP-1102,Midwest,848
2025-09-08,PRD-RFP-1102,South,955
2025-09-08,PRD-RFP-1102,Southeast,1010
2025-09-08,PRD-DRL-3304,Northeast,516
2025-09-08,PRD-DRL-3304,Midwest,548
2025-09-08,PRD-DRL-3304,South,491
2025-09-08,PRD-DRL-3304,Southeast,531
2025-09-08,PRD-TRM-9910,Northeast,1253
2025-09-08,PRD-TRM-9910,Midwest,1329
2025-09-08,PRD-TRM-9910,South,1219
2025-09-08,PRD-TRM-9910,Southeast,1227
2025-09-08,PRD-SSH-5402,Northeast,351
2025-09-08,PRD-SSH-5402,Midwest,345
2025-09-08,PRD-SSH-5402,South,447
2025-09-08,PRD-SSH-5402,Southeast,448
2025-09-15,PRD-CSW-4860,Northeast,1088
2025-09-15,PRD-CSW-4860,Midwest,1092
2025-09-15,PRD-CSW-4860,South,1144
2025-09-15,PRD-CSW-4860,Southeast,1072
2025-09-15,PRD-VSD-2201,Northeast,2478
2025-09-15,PRD-VSD-2201,Midwest,2328
2025-09-15,PRD-VSD-2201,South,2552
2025-09-15,PRD-VSD-2201,Southeast,2321
2025-09-15,PRD-RFP-1102,Northeast,840
2025-09-15,PRD-RFP-1102,Midwest,784
2025-09-15,PRD-RFP-1102,South,1036
2025-09-15,PRD-RFP-1102,Southeast,922
2025-09-15,PRD-DRL-3304,Northeast,532
2025-09-15,PRD-DRL-3304,Midwest,493
2025-09-15,PRD-DRL-3304,South,503
2025-09-15,PRD-DRL-3304,Southeast,498
2025-09-15,PRD-TRM-9910,Northeast,1349
2025-09-15,PRD-TRM-9910,Midwest,1248
2025-09-15,PRD-TRM-9910,South,1266
2025-09-15,PRD-TRM-9910,Southeast,1368
2025-09-15,PRD-SSH-5402,Northeast,363
2025-09-15,PRD-SSH-5402,Midwest,325
2025-09-15,PRD-SSH-5402,South,453
2025-09-15,PRD-SSH-5402,Southeast,454
2025-09-22,PRD-CSW-4860,Northeast,1158
2025-09-22,PRD-CSW-4860,Midwest,1139
2025-09-22,PRD-CSW-4860,South,1072
2025-09-22,PRD-CSW-4860,Southeast,1038
2025-09-22,PRD-VSD-2201,Northeast,2464
2025-09-22,PRD-VSD-2201,Midwest,2325
2025-09-22,PRD-VSD-2201,South,2542
2025-09-22,PRD-VSD-2201,Southeast,2588
2025-09-22,PRD-RFP-1102,Northeast,824
2025-09-22,PRD-RFP-1102,Midwest,838
2025-09-22,PRD-RFP-1102,South,955
2025-09-22,PRD-RFP-1102,Southeast,909
2025-09-22,PRD-DRL-3304,Northeast,541
2025-09-22,PRD-DRL-3304,Midwest,549
2025-09-22,PRD-DRL-3304,South,516
2025-09-22,PRD-DRL-3304,Southeast,537
2025-09-22,PRD-TRM-9910,Northeast,1374
2025-09-22,PRD-TRM-9910,Midwest,1214
2025-09-22,PRD-TRM-9910,South,1231
2025-09-22,PRD-TRM-9910,Southeast,1230
2025-09-22,PRD-SSH-5402,Northeast,338
2025-09-22,PRD-SSH-5402,Midwest,329
2025-09-22,PRD-SSH-5402,South,450
2025-09-22,PRD-SSH-5402,Southeast,455
2025-09-29,PRD-CSW-4860,Northeast,1099
2025-09-29,PRD-CSW-4860,Midwest,1038
2025-09-29,PRD-CSW-4860,South,1152
2025-09-29,PRD-CSW-4860,Southeast,1131
2025-09-29,PRD-VSD-2201,Northeast,2505
2025-09-29,PRD-VSD-2201,Midwest,2382
2025-09-29,PRD-VSD-2201,South,2569
2025-09-29,PRD-VSD-2201,Southeast,2403
2025-09-29,PRD-RFP-1102,Northeast,852
2025-09-29,PRD-RFP-1102,Midwest,757
2025-09-29,PRD-RFP-1102,South,1041
2025-09-29,PRD-RFP-1102,Southeast,937
2025-09-29,PRD-DRL-3304,Northeast,517
2025-09-29,PRD-DRL-3304,Midwest,496
2025-09-29,PRD-DRL-3304,South,550
2025-09-29,PRD-DRL-3304,Southeast,515
2025-09-29,PRD-TRM-9910,Northeast,1222
2025-09-29,PRD-TRM-9910,Midwest,1302
2025-09-29,PRD-TRM-9910,South,1264
2025-09-29,PRD-TRM-9910,Southeast,1292
2025-09-29,PRD-SSH-5402,Northeast,369
2025-09-29,PRD-SSH-5402,Midwest,367
2025-09-29,PRD-SSH-5402,South,453
2025-09-29,PRD-SSH-5402,Southeast,434
2025-10-06,PRD-CSW-4860,Northeast,1067
2025-10-06,PRD-CSW-4860,Midwest,1075
2025-10-06,PRD-CSW-4860,South,1090
2025-10-06,PRD-CSW-4860,Southeast,1142
2025-10-06,PRD-VSD-2201,Northeast,2403
2025-10-06,PRD-VSD-2201,Midwest,2413
2025-10-06,PRD-VSD-2201,South,2339
2025-10-06,PRD-VSD-2201,Southeast,2410
2025-10-06,PRD-RFP-1102,Northeast,760
2025-10-06,PRD-RFP-1102,Midwest,774
2025-10-06,PRD-RFP-1102,South,932
2025-10-06,PRD-RFP-1102,Southeast,914
2025-10-06,PRD-DRL-3304,Northeast,538
2025-10-06,PRD-DRL-3304,Midwest,493
2025-10-06,PRD-DRL-3304,South,510
2025-10-06,PRD-DRL-3304,Southeast,544
2025-10-06,PRD-TRM-9910,Northeast,1337
2025-10-06,PRD-TRM-9910,Midwest,1227
2025-10-06,PRD-TRM-9910,South,1347
2025-10-06,PRD-TRM-9910,Southeast,1388
2025-10-06,PRD-SSH-5402,Northeast,343
2025-10-06,PRD-SSH-5402,Midwest,361
2025-10-06,PRD-SSH-5402,South,428
2025-10-06,PRD-SSH-5402,Southeast,409
2025-10-13,PRD-CSW-4860,Northeast,1065
2025-10-13,PRD-CSW-4860,Midwest,1117
2025-10-13,PRD-CSW-4860,South,1069
2025-10-13,PRD-CSW-4860,Southeast,1054
2025-10-13,PRD-VSD-2201,Northeast,2532
2025-10-13,PRD-VSD-2201,Midwest,2420
2025-10-13,PRD-VSD-2201,South,2343
2025-10-13,PRD-VSD-2201,Southeast,2575
2025-10-13,PRD-RFP-1102,Northeast,845
2025-10-13,PRD-RFP-1102,Midwest,766
2025-10-13,PRD-RFP-1102,South,934
2025-10-13,PRD-RFP-1102,Southeast,1001
2025-10-13,PRD-DRL-3304,Northeast,505
2025-10-13,PRD-DRL-3304,Midwest,505
2025-10-13,PRD-DRL-3304,South,536
2025-10-13,PRD-DRL-3304,Southeast,536
2025-10-13,PRD-TRM-9910,Northeast,1243
2025-10-13,PRD-TRM-9910,Midwest,1299
2025-10-13,PRD-TRM-9910,South,1268
2025-10-13,PRD-TRM-9910,Southeast,1228
2025-10-13,PRD-SSH-5402,Northeast,345
2025-10-13,PRD-SSH-5402,Midwest,362
2025-10-13,PRD-SSH-5402,South,400
2025-10-13,PRD-SSH-5402,Southeast,402
2025-10-20,PRD-CSW-4860,Northeast,1074
2025-10-20,PRD-CSW-4860,Midwest,1102
2025-10-20,PRD-CSW-4860,South,1085
2025-10-20,PRD-CSW-4860,Southeast,1115
2025-10-20,PRD-VSD-2201,Northeast,2482
2025-10-20,PRD-VSD-2201,Midwest,2307
2025-10-20,PRD-VSD-2201,South,2422
2025-10-20,PRD-VSD-2201,Southeast,2337
2025-10-20,PRD-RFP-1102,Northeast,783
2025-10-20,PRD-RFP-1102,Midwest,748
2025-10-20,PRD-RFP-1102,South,965
2025-10-20,PRD-RFP-1102,Southeast,975
2025-10-20,PRD-DRL-3304,Northeast,495
2025-10-20,PRD-DRL-3304,Midwest,495
2025-10-20,PRD-DRL-3304,South,542
2025-10-20,PRD-DRL-3304,Southeast,525
2025-10-20,PRD-TRM-9910,Northeast,1233
2025-10-20,PRD-TRM-9910,Midwest,1304
2025-10-20,PRD-TRM-9910,South,1315
2025-10-20,PRD-TRM-9910,Southeast,1362
2025-10-20,PRD-SSH-5402,Northeast,349
2025-10-20,PRD-SSH-5402,Midwest,366
2025-10-20,PRD-SSH-5402,South,424
2025-10-20,PRD-SSH-5402,Southeast,442
2025-10-27,PRD-CSW-4860,Northeast,1037
2025-10-27,PRD-CSW-4860,Midwest,1116
2025-10-27,PRD-CSW-4860,South,1157
2025-10-27,PRD-CSW-4860,Southeast,1155
2025-10-27,PRD-VSD-2201,Northeast,2443
2025-10-27,PRD-VSD-2201,Midwest,2293
2025-10-27,PRD-VSD-2201,South,2503
2025-10-27,PRD-VSD-2201,Southeast,2615
2025-10-27,PRD-RFP-1102,Northeast,769
2025-10-27,PRD-RFP-1102,Midwest,770
2025-10-27,PRD-RFP-1102,South,925
2025-10-27,PRD-RFP-1102,Southeast,978
2025-10-27,PRD-DRL-3304,Northeast,504
2025-10-27,PRD-DRL-3304,Midwest,520
2025-10-27,PRD-DRL-3304,South,524
2025-10-27,PRD-DRL-3304,Southeast,539
2025-10-27,PRD-TRM-9910,Northeast,1374
2025-10-27,PRD-TRM-9910,Midwest,1298
2025-10-27,PRD-TRM-9910,South,1332
2025-10-27,PRD-TRM-9910,Southeast,1235
2025-10-27,PRD-SSH-5402,Northeast,350
2025-10-27,PRD-SSH-5402,Midwest,330
2025-10-27,PRD-SSH-5402,South,454
2025-10-27,PRD-SSH-5402,Southeast,407
2025-11-03,PRD-CSW-4860,Northeast,1034
2025-11-03,PRD-CSW-4860,Midwest,1061
2025-11-03,PRD-CSW-4860,South,1133
2025-11-03,PRD-CSW-4860,Southeast,1035
2025-11-03,PRD-VSD-2201,Northeast,2289
2025-11-03,PRD-VSD-2201,Midwest,2490
2025-11-03,PRD-VSD-2201,South,2417
2025-11-03,PRD-VSD-2201,Southeast,2294
2025-11-03,PRD-RFP-1102,Northeast,766
2025-11-03,PRD-RFP-1102,Midwest,765
2025-11-03,PRD-RFP-1102,South,783
2025-11-03,PRD-RFP-1102,Southeast,777
2025-11-03,PRD-DRL-3304,Northeast,515
2025-11-03,PRD-DRL-3304,Midwest,513
2025-11-03,PRD-DRL-3304,South,498
2025-11-03,PRD-DRL-3304,Southeast,537
2025-11-03,PRD-TRM-9910,Northeast,1283
2025-11-03,PRD-TRM-9910,Midwest,1363
2025-11-03,PRD-TRM-9910,South,1347
2025-11-03,PRD-TRM-9910,Southeast,1375
2025-11-03,PRD-SSH-5402,Northeast,340
2025-11-03,PRD-SSH-5402,Midwest,351
2025-11-03,PRD-SSH-5402,South,363
2025-11-03,PRD-SSH-5402,Southeast,369
2025-11-10,PRD-CSW-4860,Northeast,1099
2025-11-10,PRD-CSW-4860,Midwest,1126
2025-11-10,PRD-CSW-4860,South,1137
2025-11-10,PRD-CSW-4860,Southeast,1105
2025-11-10,PRD-VSD-2201,Northeast,2371
2025-11-10,PRD-VSD-2201,Midwest,2372
2025-11-10,PRD-VSD-2201,South,2487
2025-11-10,PRD-VSD-2201,Southeast,2394
2025-11-10,PRD-RFP-1102,Northeast,788
2025-11-10,PRD-RFP-1102,Midwest,761
2025-11-10,PRD-RFP-1102,South,852
2025-11-10,PRD-RFP-1102,Southeast,763
2025-11-10,PRD-DRL-3304,Northeast,548
2025-11-10,PRD-DRL-3304,Midwest,550
2025-11-10,PRD-DRL-3304,South,493
2025-11-10,PRD-DRL-3304,Southeast,493
2025-11-10,PRD-TRM-9910,Northeast,1327
2025-11-10,PRD-TRM-9910,Midwest,1280
2025-11-10,PRD-TRM-9910,South,1334
2025-11-10,PRD-TRM-9910,Southeast,1256
2025-11-10,PRD-SSH-5402,Northeast,364
2025-11-10,PRD-SSH-5402,Midwest,373
2025-11-10,PRD-SSH-5402,South,336
2025-11-10,PRD-SSH-5402,Southeast,364
2025-11-17,PRD-CSW-4860,Northeast,1149
2025-11-17,PRD-CSW-4860,Midwest,1045
2025-11-17,PRD-CSW-4860,South,1049
2025-11-17,PRD-CSW-4860,Southeast,1138
2025-11-17,PRD-VSD-2201,Northeast,2473
2025-11-17,PRD-VSD-2201,Midwest,2426
2025-11-17,PRD-VSD-2201,South,2423
2025-11-17,PRD-VSD-2201,Southeast,2611
2025-11-17,PRD-RFP-1102,Northeast,775
2025-11-17,PRD-RFP-1102,Midwest,752
2025-11-17,PRD-RFP-1102,South,851
2025-11-17,PRD-RFP-1102,Southeast,833
2025-11-17,PRD-DRL-3304,Northeast,507
2025-11-17,PRD-DRL-3304,Midwest,525
2025-11-17,PRD-DRL-3304,South,559
2025-11-17,PRD-DRL-3304,Southeast,518
2025-11-17,PRD-TRM-9910,Northeast,1231
2025-11-17,PRD-TRM-9910,Midwest,1386
2025-11-17,PRD-TRM-9910,South,1339
2025-11-17,PRD-TRM-9910,Southeast,1326
2025-11-17,PRD-SSH-5402,Northeast,348
2025-11-17,PRD-SSH-5402,Midwest,327
2025-11-17,PRD-SSH-5402,South,337
2025-11-17,PRD-SSH-5402,Southeast,344
2025-11-24,PRD-CSW-4860,Northeast,1079
2025-11-24,PRD-CSW-4860,Midwest,1159
2025-11-24,PRD-CSW-4860,South,1112
2025-11-24,PRD-CSW-4860,Southeast,1169
2025-11-24,PRD-VSD-2201,Northeast,2382
2025-11-24,PRD-VSD-2201,Midwest,2390
2025-11-24,PRD-VSD-2201,South,2605
2025-11-24,PRD-VSD-2201,Southeast,2308
2025-11-24,PRD-RFP-1102,Northeast,752
2025-11-24,PRD-RFP-1102,Midwest,782
2025-11-24,PRD-RFP-1102,South,830
2025-11-24,PRD-RFP-1102,Southeast,751
2025-11-24,PRD-DRL-3304,Northeast,519
2025-11-24,PRD-DRL-3304,Midwest,510
2025-11-24,PRD-DRL-3304,South,508
2025-11-24,PRD-DRL-3304,Southeast,531
2025-11-24,PRD-TRM-9910,Northeast,1262
2025-11-24,PRD-TRM-9910,Midwest,1346
2025-11-24,PRD-TRM-9910,South,1241
2025-11-24,PRD-TRM-9910,Southeast,1212
2025-11-24,PRD-SSH-5402,Northeast,365
2025-11-24,PRD-SSH-5402,Midwest,371
2025-11-24,PRD-SSH-5402,South,361
2025-11-24,PRD-SSH-5402,Southeast,329
2025-12-01,PRD-CSW-4860,Northeast,1172
2025-12-01,PRD-CSW-4860,Midwest,1064
2025-12-01,PRD-CSW-4860,South,1050
2025-12-01,PRD-CSW-4860,Southeast,1127
2025-12-01,PRD-VSD-2201,Northeast,2536
2025-12-01,PRD-VSD-2201,Midwest,2600
2025-12-01,PRD-VSD-2201,South,2526
2025-12-01,PRD-VSD-2201,Southeast,2353
2025-12-01,PRD-RFP-1102,Northeast,855
2025-12-01,PRD-RFP-1102,Midwest,832
2025-12-01,PRD-RFP-1102,South,788
2025-12-01,PRD-RFP-1102,Southeast,838
2025-12-01,PRD-DRL-3304,Northeast,558
2025-12-01,PRD-DRL-3304,Midwest,531
2025-12-01,PRD-DRL-3304,South,505
2025-12-01,PRD-DRL-3304,Southeast,544
2025-12-01,PRD-TRM-9910,Northeast,1327
2025-12-01,PRD-TRM-9910,Midwest,1306
2025-12-01,PRD-TRM-9910,South,1336
2025-12-01,PRD-TRM-9910,Southeast,1306
2025-12-01,PRD-SSH-5402,Northeast,353
2025-12-01,PRD-SSH-5402,Midwest,336
2025-12-01,PRD-SSH-5402,South,365
2025-12-01,PRD-SSH-5402,Southeast,341
2025-12-08,PRD-CSW-4860,Northeast,1057
2025-12-08,PRD-CSW-4860,Midwest,1113
2025-12-08,PRD-CSW-4860,South,1052
2025-12-08,PRD-CSW-4860,Southeast,1081
2025-12-08,PRD-VSD-2201,Northeast,2614
2025-12-08,PRD-VSD-2201,Midwest,2287
2025-12-08,PRD-VSD-2201,South,2423
2025-12-08,PRD-VSD-2201,Southeast,2313
2025-12-08,PRD-RFP-1102,Northeast,755
2025-12-08,PRD-RFP-1102,Midwest,744
2025-12-08,PRD-RFP-1102,South,772
2025-12-08,PRD-RFP-1102,Southeast,782
2025-12-08,PRD-DRL-3304,Northeast,499
2025-12-08,PRD-DRL-3304,Midwest,545
2025-12-08,PRD-DRL-3304,South,500
2025-12-08,PRD-DRL-3304,Southeast,493
2025-12-08,PRD-TRM-9910,Northeast,1246
2025-12-08,PRD-TRM-9910,Midwest,1344
2025-12-08,PRD-TRM-9910,South,1354
2025-12-08,PRD-TRM-9910,Southeast,1228
2025-12-08,PRD-SSH-5402,Northeast,330
2025-12-08,PRD-SSH-5402,Midwest,325
2025-12-08,PRD-SSH-5402,South,366
2025-12-08,PRD-SSH-5402,Southeast,330
2025-12-15,PRD-CSW-4860,Northeast,1055
2025-12-15,PRD-CSW-4860,Midwest,1119
2025-12-15,PRD-CSW-4860,South,1149
2025-12-15,PRD-CSW-4860,Southeast,1057
2025-12-15,PRD-VSD-2201,Northeast,2326
2025-12-15,PRD-VSD-2201,Midwest,2326
2025-12-15,PRD-VSD-2201,South,2503
2025-12-15,PRD-VSD-2201,Southeast,2510
2025-12-15,PRD-RFP-1102,Northeast,759
2025-12-15,PRD-RFP-1102,Midwest,776
2025-12-15,PRD-RFP-1102,South,820
2025-12-15,PRD-RFP-1102,Southeast,750
2025-12-15,PRD-DRL-3304,Northeast,534
2025-12-15,PRD-DRL-3304,Midwest,540
2025-12-15,PRD-DRL-3304,South,557
2025-12-15,PRD-DRL-3304,Southeast,507
2025-12-15,PRD-TRM-9910,Northeast,1340
2025-12-15,PRD-TRM-9910,Midwest,1357
2025-12-15,PRD-TRM-9910,South,1228
2025-12-15,PRD-TRM-9910,Southeast,1262
2025-12-15,PRD-SSH-5402,Northeast,363
2025-12-15,PRD-SSH-5402,Midwest,362
2025-12-15,PRD-SSH-5402,South,326
2025-12-15,PRD-SSH-5402,Southeast,367
2025-12-22,PRD-CSW-4860,Northeast,1047
2025-12-22,PRD-CSW-4860,Midwest,1152
2025-12-22,PRD-CSW-4860,South,1098
2025-12-22,PRD-CSW-4860,Southeast,1104
2025-12-22,PRD-VSD-2201,Northeast,2595
2025-12-22,PRD-VSD-2201,Midwest,2505
2025-12-22,PRD-VSD-2201,South,2503
2025-12-22,PRD-VSD-2201,Southeast,2548
2025-12-22,PRD-RFP-1102,Northeast,821
2025-12-22,PRD-RFP-1102,Midwest,759
2025-12-22,PRD-RFP-1102,South,831
2025-12-22,PRD-RFP-1102,Southeast,794
2025-12-22,PRD-DRL-3304,Northeast,558
2025-12-22,PRD-DRL-3304,Midwest,505
2025-12-22,PRD-DRL-3304,South,549
2025-12-22,PRD-DRL-3304,Southeast,500
2025-12-22,PRD-TRM-9910,Northeast,1247
2025-12-22,PRD-TRM-9910,Midwest,1270
2025-12-22,PRD-TRM-9910,South,1298
2025-12-22,PRD-TRM-9910,Southeast,1305
2025-12-22,PRD-SSH-5402,Northeast,369
2025-12-22,PRD-SSH-5402,Midwest,351
2025-12-22,PRD-SSH-5402,South,371
2025-12-22,PRD-SSH-5402,Southeast,352
2025-12-29,PRD-CSW-4860,Northeast,1068
2025-12-29,PRD-CSW-4860,Midwest,1122
2025-12-29,PRD-CSW-4860,South,1119
2025-12-29,PRD-CSW-4860,Southeast,1071
2025-12-29,PRD-VSD-2201,Northeast,2436
2025-12-29,PRD-VSD-2201,Midwest,2584
2025-12-29,PRD-VSD-2201,South,2350
2025-12-29,PRD-VSD-2201,Southeast,2422
2025-12-29,PRD-RFP-1102,Northeast,820
2025-12-29,PRD-RFP-1102,Midwest,776
2025-12-29,PRD-RFP-1102,South,836
2025-12-29,PRD-RFP-1102,Southeast,796
2025-12-29,PRD-DRL-3304,Northeast,504
2025-12-29,PRD-DRL-3304,Midwest,513
2025-12-29,PRD-DRL-3304,South,558
2025-12-29,PRD-DRL-3304,Southeast,527
2025-12-29,PRD-TRM-9910,Northeast,1342
2025-12-29,PRD-TRM-9910,Midwest,1308
2025-12-29,PRD-TRM-9910,South,1385
2025-12-29,PRD-TRM-9910,Southeast,1371
2025-12-29,PRD-SSH-5402,Northeast,357
2025-12-29,PRD-SSH-5402,Midwest,328
2025-12-29,PRD-SSH-5402,South,372
2025-12-29,PRD-SSH-5402,Southeast,363
2026-01-05,PRD-CSW-4860,Northeast,1163
2026-01-05,PRD-CSW-4860,Midwest,1031
2026-01-05,PRD-CSW-4860,South,1130
2026-01-05,PRD-CSW-4860,Southeast,1094
2026-01-05,PRD-VSD-2201,Northeast,2361
2026-01-05,PRD-VSD-2201,Midwest,2534
2026-01-05,PRD-VSD-2201,South,2372
2026-01-05,PRD-VSD-2201,Southeast,2401
2026-01-05,PRD-RFP-1102,Northeast,833
2026-01-05,PRD-RFP-1102,Midwest,810
2026-01-05,PRD-RFP-1102,South,846
2026-01-05,PRD-RFP-1102,Southeast,798
2026-01-05,PRD-DRL-3304,Northeast,538
2026-01-05,PRD-DRL-3304,Midwest,510
2026-01-05,PRD-DRL-3304,South,502
2026-01-05,PRD-DRL-3304,Southeast,508
2026-01-05,PRD-TRM-9910,Northeast,1273
2026-01-05,PRD-TRM-9910,Midwest,1251
2026-01-05,PRD-TRM-9910,South,1356
2026-01-05,PRD-TRM-9910,Southeast,1366
2026-01-05,PRD-SSH-5402,Northeast,351
2026-01-05,PRD-SSH-5402,Midwest,353
2026-01-05,PRD-SSH-5402,South,365
2026-01-05,PRD-SSH-5402,Southeast,361
2026-01-12,PRD-CSW-4860,Northeast,1125
2026-01-12,PRD-CSW-4860,Midwest,1101
2026-01-12,PRD-CSW-4860,South,1130
2026-01-12,PRD-CSW-4860,Southeast,1029
2026-01-12,PRD-VSD-2201,Northeast,2313
2026-01-12,PRD-VSD-2201,Midwest,2521
2026-01-12,PRD-VSD-2201,South,2556
2026-01-12,PRD-VSD-2201,Southeast,2310
2026-01-12,PRD-RFP-1102,Northeast,788
2026-01-12,PRD-RFP-1102,Midwest,855
2026-01-12,PRD-RFP-1102,South,750
2026-01-12,PRD-RFP-1102,Southeast,801
2026-01-12,PRD-DRL-3304,Northeast,555
2026-01-12,PRD-DRL-3304,Midwest,489
2026-01-12,PRD-DRL-3304,South,551
2026-01-12,PRD-DRL-3304,Southeast,535
2026-01-12,PRD-TRM-9910,Northeast,1233
2026-01-12,PRD-TRM-9910,Midwest,1308
2026-01-12,PRD-TRM-9910,South,1216
2026-01-12,PRD-TRM-9910,Southeast,1348
2026-01-12,PRD-SSH-5402,Northeast,359
2026-01-12,PRD-SSH-5402,Midwest,335
2026-01-12,PRD-SSH-5402,South,332
2026-01-12,PRD-SSH-5402,Southeast,329
2026-01-19,PRD-CSW-4860,Northeast,1172
2026-01-19,PRD-CSW-4860,Midwest,1041
2026-01-19,PRD-CSW-4860,South,1108
2026-01-19,PRD-CSW-4860,Southeast,1164
2026-01-19,PRD-VSD-2201,Northeast,2613
2026-01-19,PRD-VSD-2201,Midwest,2343
2026-01-19,PRD-VSD-2201,South,2618
2026-01-19,PRD-VSD-2201,Southeast,2506
2026-01-19,PRD-RFP-1102,Northeast,749
2026-01-19,PRD-RFP-1102,Midwest,748
2026-01-19,PRD-RFP-1102,South,754
2026-01-19,PRD-RFP-1102,Southeast,749
2026-01-19,PRD-DRL-3304,Northeast,553
2026-01-19,PRD-DRL-3304,Midwest,495
2026-01-19,PRD-DRL-3304,South,561
2026-01-19,PRD-DRL-3304,Southeast,493
2026-01-19,PRD-TRM-9910,Northeast,1328
2026-01-19,PRD-TRM-9910,Midwest,1320
2026-01-19,PRD-TRM-9910,South,1239
2026-01-19,PRD-TRM-9910,Southeast,1275
2026-01-19,PRD-SSH-5402,Northeast,327
2026-01-19,PRD-SSH-5402,Midwest,345
2026-01-19,PRD-SSH-5402,South,371
2026-01-19,PRD-SSH-5402,Southeast,362
2026-01-26,PRD-CSW-4860,Northeast,1033
2026-01-26,PRD-CSW-4860,Midwest,1122
2026-01-26,PRD-CSW-4860,South,1133
2026-01-26,PRD-CSW-4860,Southeast,1081
2026-01-26,PRD-VSD-2201,Northeast,2379
2026-01-26,PRD-VSD-2201,Midwest,2461
2026-01-26,PRD-VSD-2201,South,2600
2026-01-26,PRD-VSD-2201,Southeast,2499
2026-01-26,PRD-RFP-1102,Northeast,801
2026-01-26,PRD-RFP-1102,Midwest,789
2026-01-26,PRD-RFP-1102,South,795
2026-01-26,PRD-RFP-1102,Southeast,797
2026-01-26,PRD-DRL-3304,Northeast,494
2026-01-26,PRD-DRL-3304,Midwest,545
2026-01-26,PRD-DRL-3304,South,492
2026-01-26,PRD-DRL-3304,Southeast,499
2026-01-26,PRD-TRM-9910,Northeast,1259
2026-01-26,PRD-TRM-9910,Midwest,1289
2026-01-26,PRD-TRM-9910,South,1239
2026-01-26,PRD-TRM-9910,Southeast,1335
2026-01-26,PRD-SSH-5402,Northeast,358
2026-01-26,PRD-SSH-5402,Midwest,359
2026-01-26,PRD-SSH-5402,South,369
2026-01-26,PRD-SSH-5402,Southeast,333
2026-02-02,PRD-CSW-4860,Northeast,1077
2026-02-02,PRD-CSW-4860,Midwest,1055
2026-02-02,PRD-CSW-4860,South,1068
2026-02-02,PRD-CSW-4860,Southeast,1158
2026-02-02,PRD-VSD-2201,Northeast,2347
2026-02-02,PRD-VSD-2201,Midwest,2595
2026-02-02,PRD-VSD-2201,South,2506
2026-02-02,PRD-VSD-2201,Southeast,2506
2026-02-02,PRD-RFP-1102,Northeast,828
2026-02-02,PRD-RFP-1102,Midwest,782
2026-02-02,PRD-RFP-1102,South,791
2026-02-02,PRD-RFP-1102,Southeast,823
2026-02-02,PRD-DRL-3304,Northeast,523
2026-02-02,PRD-DRL-3304,Midwest,503
2026-02-02,PRD-DRL-3304,South,535
2026-02-02,PRD-DRL-3304,Southeast,504
2026-02-02,PRD-TRM-9910,Northeast,1270
2026-02-02,PRD-TRM-9910,Midwest,1303
2026-02-02,PRD-TRM-9910,South,1258
2026-02-02,PRD-TRM-9910,Southeast,1262
2026-02-02,PRD-SSH-5402,Northeast,331
2026-02-02,PRD-SSH-5402,Midwest,366
2026-02-02,PRD-SSH-5402,South,363
2026-02-02,PRD-SSH-5402,Southeast,343
2026-02-09,PRD-CSW-4860,Northeast,1048
2026-02-09,PRD-CSW-4860,Midwest,1169
2026-02-09,PRD-CSW-4860,South,1122
2026-02-09,PRD-CSW-4860,Southeast,1092
2026-02-09,PRD-VSD-2201,Northeast,2343
2026-02-09,PRD-VSD-2201,Midwest,2593
2026-02-09,PRD-VSD-2201,South,2279
2026-02-09,PRD-VSD-2201,Southeast,2408
2026-02-09,PRD-RFP-1102,Northeast,837
2026-02-09,PRD-RFP-1102,Midwest,841
2026-02-09,PRD-RFP-1102,South,850
2026-02-09,PRD-RFP-1102,Southeast,828
2026-02-09,PRD-DRL-3304,Northeast,504
2026-02-09,PRD-DRL-3304,Midwest,501
2026-02-09,PRD-DRL-3304,South,535
2026-02-09,PRD-DRL-3304,Southeast,520
2026-02-09,PRD-TRM-9910,Northeast,1312
2026-02-09,PRD-TRM-9910,Midwest,1373
2026-02-09,PRD-TRM-9910,South,1270
2026-02-09,PRD-TRM-9910,Southeast,1260
2026-02-09,PRD-SSH-5402,Northeast,334
2026-02-09,PRD-SSH-5402,Midwest,361
2026-02-09,PRD-SSH-5402,South,368
2026-02-09,PRD-SSH-5402,Southeast,364
2026-02-16,PRD-CSW-4860,Northeast,1149
2026-02-16,PRD-CSW-4860,Midwest,1168
2026-02-16,PRD-CSW-4860,South,1097
2026-02-16,PRD-CSW-4860,Southeast,1111
2026-02-16,PRD-VSD-2201,Northeast,2336
2026-02-16,PRD-VSD-2201,Midwest,2392
2026-02-16,PRD-VSD-2201,South,2381
2026-02-16,PRD-VSD-2201,Southeast,2617
2026-02-16,PRD-RFP-1102,Northeast,833
2026-02-16,PRD-RFP-1102,Midwest,834
2026-02-16,PRD-RFP-1102,South,836
2026-02-16,PRD-RFP-1102,Southeast,854
2026-02-16,PRD-DRL-3304,Northeast,526
2026-02-16,PRD-DRL-3304,Midwest,488
2026-02-16,PRD-DRL-3304,South,494
2026-02-16,PRD-DRL-3304,Southeast,543
2026-02-16,PRD-TRM-9910,Northeast,1315
2026-02-16,PRD-TRM-9910,Midwest,1267
2026-02-16,PRD-TRM-9910,South,1381
2026-02-16,PRD-TRM-9910,Southeast,1292
2026-02-16,PRD-SSH-5402,Northeast,345
2026-02-16,PRD-SSH-5402,Midwest,352
2026-02-16,PRD-SSH-5402,South,343
2026-02-16,PRD-SSH-5402,Southeast,365
2026-02-23,PRD-CSW-4860,Northeast,1091
2026-02-23,PRD-CSW-4860,Midwest,1083
2026-02-23,PRD-CSW-4860,South,1157
2026-02-23,PRD-CSW-4860,Southeast,1168
2026-02-23,PRD-VSD-2201,Northeast,2441
2026-02-23,PRD-VSD-2201,Midwest,2372
2026-02-23,PRD-VSD-2201,South,2575
2026-02-23,PRD-VSD-2201,Southeast,2303
2026-02-23,PRD-RFP-1102,Northeast,844
2026-02-23,PRD-RFP-1102,Midwest,750
2026-02-23,PRD-RFP-1102,South,842
2026-02-23,PRD-RFP-1102,Southeast,769
2026-02-23,PRD-DRL-3304,Northeast,518
2026-02-23,PRD-DRL-3304,Midwest,558
2026-02-23,PRD-DRL-3304,South,493
2026-02-23,PRD-DRL-3304,Southeast,534
2026-02-23,PRD-TRM-9910,Northeast,1284
2026-02-23,PRD-TRM-9910,Midwest,1252
2026-02-23,PRD-TRM-9910,South,1315
2026-02-23,PRD-TRM-9910,Southeast,1259
2026-02-23,PRD-SSH-5402,Northeast,354
2026-02-23,PRD-SSH-5402,Midwest,337
2026-02-23,PRD-SSH-5402,South,327
2026-02-23,PRD-SSH-5402,Southeast,330
2026-03-02,PRD-CSW-4860,Northeast,1100
2026-03-02,PRD-CSW-4860,Midwest,1050
2026-03-02,PRD-CSW-4860,South,1137
2026-03-02,PRD-CSW-4860,Southeast,1131
2026-03-02,PRD-VSD-2201,Northeast,2293
2026-03-02,PRD-VSD-2201,Midwest,2466
2026-03-02,PRD-VSD-2201,South,2588
2026-03-02,PRD-VSD-2201,Southeast,2383
2026-03-02,PRD-RFP-1102,Northeast,772
2026-03-02,PRD-RFP-1102,Midwest,815
2026-03-02,PRD-RFP-1102,South,781
2026-03-02,PRD-RFP-1102,Southeast,825
2026-03-02,PRD-DRL-3304,Northeast,516
2026-03-02,PRD-DRL-3304,Midwest,523
2026-03-02,PRD-DRL-3304,South,552
2026-03-02,PRD-DRL-3304,Southeast,491
2026-03-02,PRD-TRM-9910,Northeast,1209
2026-03-02,PRD-TRM-9910,Midwest,1137
2026-03-02,PRD-TRM-9910,South,1254
2026-03-02,PRD-TRM-9910,Southeast,1254
2026-03-02,PRD-SSH-5402,Northeast,357
2026-03-02,PRD-SSH-5402,Midwest,329
2026-03-02,PRD-SSH-5402,South,369
2026-03-02,PRD-SSH-5402,Southeast,346
2026-03-09,PRD-CSW-4860,Northeast,1107
2026-03-09,PRD-CSW-4860,Midwest,1153
2026-03-09,PRD-CSW-4860,South,1052
2026-03-09,PRD-CSW-4860,Southeast,1135
2026-03-09,PRD-VSD-2201,Northeast,2343
2026-03-09,PRD-VSD-2201,Midwest,2494
2026-03-09,PRD-VSD-2201,South,2610
2026-03-09,PRD-VSD-2201,Southeast,2521
2026-03-09,PRD-RFP-1102,Northeast,805
2026-03-09,PRD-RFP-1102,Midwest,748
2026-03-09,PRD-RFP-1102,South,814
2026-03-09,PRD-RFP-1102,Southeast,744
2026-03-09,PRD-DRL-3304,Northeast,538
2026-03-09,PRD-DRL-3304,Midwest,508
2026-03-09,PRD-DRL-3304,South,560
2026-03-09,PRD-DRL-3304,Southeast,533
2026-03-09,PRD-TRM-9910,Northeast,1230
2026-03-09,PRD-TRM-9910,Midwest,1128
2026-03-09,PRD-TRM-9910,South,1287
2026-03-09,PRD-TRM-9910,Southeast,1304
2026-03-09,PRD-SSH-5402,Northeast,330
2026-03-09,PRD-SSH-5402,Midwest,370
2026-03-09,PRD-SSH-5402,South,332
2026-03-09,PRD-SSH-5402,Southeast,341
2026-03-16,PRD-CSW-4860,Northeast,1123
2026-03-16,PRD-CSW-4860,Midwest,1135
2026-03-16,PRD-CSW-4860,South,1096
2026-03-16,PRD-CSW-4860,Southeast,1100
2026-03-16,PRD-VSD-2201,Northeast,2399
2026-03-16,PRD-VSD-2201,Midwest,2580
2026-03-16,PRD-VSD-2201,South,2456
2026-03-16,PRD-VSD-2201,Southeast,2458
2026-03-16,PRD-RFP-1102,Northeast,762
2026-03-16,PRD-RFP-1102,Midwest,779
2026-03-16,PRD-RFP-1102,South,811
2026-03-16,PRD-RFP-1102,Southeast,749
2026-03-16,PRD-DRL-3304,Northeast,549
2026-03-16,PRD-DRL-3304,Midwest,499
2026-03-16,PRD-DRL-3304,South,492
2026-03-16,PRD-DRL-3304,Southeast,523
2026-03-16,PRD-TRM-9910,Northeast,1307
2026-03-16,PRD-TRM-9910,Midwest,1136
2026-03-16,PRD-TRM-9910,South,1276
2026-03-16,PRD-TRM-9910,Southeast,1278
2026-03-16,PRD-SSH-5402,Northeast,352
2026-03-16,PRD-SSH-5402,Midwest,368
2026-03-16,PRD-SSH-5402,South,329
2026-03-16,PRD-SSH-5402,Southeast,330
2026-03-23,PRD-CSW-4860,Northeast,1051
2026-03-23,PRD-CSW-4860,Midwest,1096
2026-03-23,PRD-CSW-4860,South,1098
2026-03-23,PRD-CSW-4860,Southeast,1073
2026-03-23,PRD-VSD-2201,Northeast,2298
2026-03-23,PRD-VSD-2201,Midwest,2456
2026-03-23,PRD-VSD-2201,South,2430
2026-03-23,PRD-VSD-2201,Southeast,2541
2026-03-23,PRD-RFP-1102,Northeast,827
2026-03-23,PRD-RFP-1102,Midwest,841
2026-03-23,PRD-RFP-1102,South,773
2026-03-23,PRD-RFP-1102,Southeast,802
2026-03-23,PRD-DRL-3304,Northeast,542
2026-03-23,PRD-DRL-3304,Midwest,490
2026-03-23,PRD-DRL-3304,South,558
2026-03-23,PRD-DRL-3304,Southeast,501
2026-03-23,PRD-TRM-9910,Northeast,1360
2026-03-23,PRD-TRM-9910,Midwest,1132
2026-03-23,PRD-TRM-9910,South,1273
2026-03-23,PRD-TRM-9910,Southeast,1367
2026-03-23,PRD-SSH-5402,Northeast,334
2026-03-23,PRD-SSH-5402,Midwest,368
2026-03-23,PRD-SSH-5402,South,369
2026-03-23,PRD-SSH-5402,Southeast,361
2026-03-30,PRD-CSW-4860,Northeast,1172
2026-03-30,PRD-CSW-4860,Midwest,1120
2026-03-30,PRD-CSW-4860,South,1123
2026-03-30,PRD-CSW-4860,Southeast,1087
2026-03-30,PRD-VSD-2201,Northeast,2452
2026-03-30,PRD-VSD-2201,Midwest,2410
2026-03-30,PRD-VSD-2201,South,2419
2026-03-30,PRD-VSD-2201,Southeast,2316
2026-03-30,PRD-RFP-1102,Northeast,810
2026-03-30,PRD-RFP-1102,Midwest,817
2026-03-30,PRD-RFP-1102,South,851
2026-03-30,PRD-RFP-1102,Southeast,780
2026-03-30,PRD-DRL-3304,Northeast,552
2026-03-30,PRD-DRL-3304,Midwest,537
2026-03-30,PRD-DRL-3304,South,497
2026-03-30,PRD-DRL-3304,Southeast,493
2026-03-30,PRD-TRM-9910,Northeast,1312
2026-03-30,PRD-TRM-9910,Midwest,1058
2026-03-30,PRD-TRM-9910,South,1383
2026-03-30,PRD-TRM-9910,Southeast,1285
2026-03-30,PRD-SSH-5402,Northeast,334
2026-03-30,PRD-SSH-5402,Midwest,366
2026-03-30,PRD-SSH-5402,South,374
2026-03-30,PRD-SSH-5402,Southeast,366
2026-04-06,PRD-CSW-4860,Northeast,1165
2026-04-06,PRD-CSW-4860,Midwest,1065
2026-04-06,PRD-CSW-4860,South,1070
2026-04-06,PRD-CSW-4860,Southeast,1097
2026-04-06,PRD-VSD-2201,Northeast,2336
2026-04-06,PRD-VSD-2201,Midwest,2615
2026-04-06,PRD-VSD-2201,South,2299
2026-04-06,PRD-VSD-2201,Southeast,2479
2026-04-06,PRD-RFP-1102,Northeast,783
2026-04-06,PRD-RFP-1102,Midwest,807
2026-04-06,PRD-RFP-1102,South,831
2026-04-06,PRD-RFP-1102,Southeast,841
2026-04-06,PRD-DRL-3304,Northeast,538
2026-04-06,PRD-DRL-3304,Midwest,546
2026-04-06,PRD-DRL-3304,South,517
2026-04-06,PRD-DRL-3304,Southeast,490
2026-04-06,PRD-TRM-9910,Northeast,1382
2026-04-06,PRD-TRM-9910,Midwest,1076
2026-04-06,PRD-TRM-9910,South,1343
2026-04-06,PRD-TRM-9910,Southeast,1390
2026-04-06,PRD-SSH-5402,Northeast,331
2026-04-06,PRD-SSH-5402,Midwest,329
2026-04-06,PRD-SSH-5402,South,371
2026-04-06,PRD-SSH-5402,Southeast,347
2026-04-13,PRD-CSW-4860,Northeast,1073
2026-04-13,PRD-CSW-4860,Midwest,1149
2026-04-13,PRD-CSW-4860,South,1169
2026-04-13,PRD-CSW-4860,Southeast,1109
2026-04-13,PRD-VSD-2201,Northeast,2595
2026-04-13,PRD-VSD-2201,Midwest,2374
2026-04-13,PRD-VSD-2201,South,2442
2026-04-13,PRD-VSD-2201,Southeast,2591
2026-04-13,PRD-RFP-1102,Northeast,799
2026-04-13,PRD-RFP-1102,Midwest,816
2026-04-13,PRD-RFP-1102,South,853
2026-04-13,PRD-RFP-1102,Southeast,834
2026-04-13,PRD-DRL-3304,Northeast,513
2026-04-13,PRD-DRL-3304,Midwest,489
2026-04-13,PRD-DRL-3304,South,549
2026-04-13,PRD-DRL-3304,Southeast,515
2026-04-13,PRD-TRM-9910,Northeast,1274
2026-04-13,PRD-TRM-9910,Midwest,1143
2026-04-13,PRD-TRM-9910,South,1347
2026-04-13,PRD-TRM-9910,Southeast,1213
2026-04-13,PRD-SSH-5402,Northeast,333
2026-04-13,PRD-SSH-5402,Midwest,345
2026-04-13,PRD-SSH-5402,South,340
2026-04-13,PRD-SSH-5402,Southeast,330
