0,537,13.351,41,1,1,0,8.6
0,520,11.993,39,1,0,1,23.9
1,413,9.798,49,0,1,1,16.3
2,71,15.211,8,1,0,3,17.7
0,499,9.947,26,1,0,0,2.4
0,501,12.755,34,1,0,0,19.4
0,380,11.427,25,1,2,1,14.3
1,411,11.841,36,0,1,0,21.2
0,503,13.371,15,1,1,1,27.7
1,317,13.71,28,0,0,1,24.4
2,8,12.652,2,1,1,0,0.6
2,92,11.645,25,0,0,2,29.4
0,392,11.611,35,1,0,3,24.9
1,187,11.858,33,0,1,3,20.2
0,429,11.806,5,1,0,0,10.5
0,514,11.71,24,1,2,0,15.4
0,264,14.567,35,1,0,0,17.9
0,277,10.458,41,1,0,2,5.7
1,70,12.102,38,1,0,2,22.9
1,105,15.175,2,1,1,1,19.2
0,334,10.654,2,1,1,2,26.1
1,300,12.385,38,0,0,3,16.9
0,224,11.751,41,1,1,0,7.1
2,528,14.274,49,0,1,1,9.5
1,257,15.015,43,1,2,0,14.5
1,446,13.436,41,0,1,3,2.4
3,27,12.521,41,0,2,0,12.8
1,484,14.162,20,0,1,2,18.2
1,343,13.344,25,0,1,0,23.3
1,399,11.935,35,0,1,3,7.6
0,453,9.927,34,1,0,1,15.2
1,450,9.995,8,0,2,1,9.7
1,206,10.752,26,0,2,2,5.2
0,462,11.756,41,1,0,0,25.5
3,68,13.339,48,0,1,1,9.7
0,514,13.712,38,0,0,2,21.4
1,313,12.131,12,0,1,3,25.7
2,13,14.63,2,1,0,3,25.7
2,97,14.078,3,0,1,1,6.5
1,178,14.593,15,1,1,1,21.8
0,285,13.794,27,1,0,1,26.6
1,214,10.732,30,0,2,2,18.7
0,344,12.211,45,1,0,1,26.0
0,456,12.809,2,1,2,2,10.2
0,496,12.936,2,1,0,2,23.3
0,523,11.539,24,1,2,0,0.8
0,280,12.347,32,1,2,1,20.2
2,58,14.673,45,1,0,2,22.7
1,394,16.679,13,1,2,3,19.8
0,519,13.97,41,1,0,3,1.6
0,258,13.684,2,1,1,2,17.9
1,94,12.285,22,1,2,0,21.6
1,475,14.049,10,0,2,3,1.0
0,142,12.955,43,1,0,0,17.5
0,531,12.002,22,1,1,1,11.3
0,505,10.744,18,1,1,1,19.7
1,420,15.691,15,1,1,1,10.2
2,503,14.419,16,0,0,2,2.9
0,394,14.578,42,1,0,2,17.3
0,247,13.308,13,1,2,0,13.1
1,127,12.398,10,1,0,3,19.2
1,289,14.91,27,0,1,2,20.3
1,180,11.86,13,0,1,3,4.7
0,200,12.675,24,1,0,2,20.1
0,474,13.495,25,1,1,1,1.5
1,325,11.858,8,0,0,2,28.0
2,359,14.9,46,0,0,2,21.1
0,451,14.063,13,1,0,1,13.3
1,251,12.858,30,0,1,3,19.7
1,267,12.004,15,0,2,0,28.0
0,163,9.512,42,1,0,3,29.5
2,520,13.546,40,0,2,0,20.8
1,390,14.433,20,0,2,1,5.1
0,255,13.606,24,1,1,2,4.9
3,4,14.319,29,0,1,0,22.8
1,184,11.203,33,0,1,0,12.1
2,298,12.961,19,0,0,0,17.1
3,103,15.694,31,0,0,2,4.4
2,75,14.367,2,1,2,0,26.6
1,290,12.189,30,0,1,0,15.4
3,35,14.759,35,1,2,3,21.8
0,239,11.571,11,1,1,2,3.2
3,75,15.587,42,0,1,2,3.5
1,170,12.496,20,0,1,0,9.0
1,57,10.3,37,1,1,2,7.6
0,175,13.398,24,1,0,0,23.4
1,420,12.103,1,0,1,2,9.0
1,134,10.613,10,0,1,2,1.8
0,299,12.695,46,1,0,3,25.2
0,292,12.809,2,1,1,3,23.8
0,253,14.231,15,1,2,1,2.0
1,224,11.812,1,0,1,0,6.2
0,422,13.194,17,1,1,2,18.8
0,161,11.705,10,1,2,1,15.5
2,499,14.775,23,0,0,3,13.1
3,58,11.307,32,0,1,3,29.0
1,466,13.757,12,0,0,2,4.2
0,254,12.851,19,0,1,3,14.2
0,495,13.869,38,1,2,3,17.5
0,388,13.163,19,1,1,1,6.7
0,352,16.045,5,1,0,0,27.6
0,431,12.866,17,1,1,2,11.3
2,331,13.76,25,0,2,3,6.2
2,108,13.148,11,0,0,3,8.6
0,202,9.4,27,1,0,0,18.7
2,36,13.545,29,1,0,1,10.7
1,368,10.916,36,0,0,1,10.6
2,269,15.275,19,0,0,2,13.5
1,500,10.024,10,0,2,1,20.2
1,376,13.605,16,0,2,2,18.6
1,447,12.222,23,0,0,2,11.8
0,467,10.793,45,1,2,2,30.0
0,196,13.064,29,1,0,1,2.2
0,462,13.723,38,1,0,0,15.5
2,461,13.21,16,0,2,3,13.3
1,434,12.385,17,0,0,0,27.1
1,359,11.512,4,0,2,1,10.8
1,180,9.0,38,0,1,1,28.3
0,307,11.569,10,1,0,0,23.5
1,351,13.064,22,0,0,0,15.5
0,332,12.274,29,0,1,3,19.7
0,319,12.585,14,1,1,0,21.6
2,138,11.849,37,0,2,0,14.0
2,365,15.062,10,0,0,1,0.9
1,115,10.692,9,1,2,0,23.4
0,404,11.954,2,1,0,0,26.4
3,2,12.984,12,0,1,1,28.4
0,512,13.183,9,1,1,2,4.2
1,278,12.067,22,0,0,1,23.8
0,404,11.72,31,1,0,0,20.6
1,264,12.622,49,0,2,2,22.7
0,304,14.641,32,1,0,1,20.2
2,69,14.804,11,1,0,2,1.5
2,148,14.265,43,0,0,1,1.8
1,224,12.298,34,0,2,2,10.3
0,424,13.253,11,1,0,2,3.8
0,156,9.0,2,1,2,0,14.4
0,287,12.685,42,1,0,1,13.6
0,276,10.859,49,1,2,1,1.3
0,225,12.824,37,1,1,0,16.7
0,150,13.816,7,1,0,3,22.3
3,12,15.367,13,0,2,3,16.7
2,111,13.059,29,0,1,2,0.7
1,233,16.589,37,1,2,0,12.3
0,499,9.031,37,1,0,2,24.7
1,420,14.055,13,0,1,0,22.6
3,48,15.189,19,0,1,1,21.0
0,397,10.764,8,1,2,3,7.0
0,331,14.118,44,1,2,3,17.7
3,66,15.12,34,1,1,0,25.5
2,55,9.55,32,0,2,0,6.4
2,411,14.806,23,0,0,1,17.3
1,161,12.144,20,0,2,2,19.4
2,343,12.805,14,0,2,0,0.9
1,498,12.341,26,0,0,0,15.8
0,439,11.889,5,1,2,1,8.7
0,339,14.639,14,1,0,0,15.1
1,249,14.679,25,1,1,0,8.5
1,49,12.061,38,1,2,3,2.2
0,191,14.019,35,1,0,0,19.3
1,523,13.099,8,0,2,0,2.6
2,488,11.969,1,0,2,1,19.0
3,41,12.077,11,0,2,3,24.2
1,130,13.071,23,1,2,0,10.0
3,107,15.3,2,0,2,1,29.9
0,359,12.812,4,1,0,1,21.8
2,274,12.305,14,0,0,1,7.7
1,270,10.927,26,0,0,2,26.0
0,512,11.977,27,0,0,1,10.9
3,2,14.808,48,1,1,1,26.6
1,339,12.943,42,0,1,0,3.7
1,234,12.583,46,0,1,2,21.2
2,61,12.929,18,1,2,0,24.1
1,281,12.652,18,0,2,1,11.9
0,310,11.868,37,1,0,2,20.8
1,338,13.653,4,0,0,0,17.9
3,104,13.926,13,0,0,1,5.6
1,518,12.673,46,0,1,0,14.0
2,135,13.672,34,0,2,3,22.9
0,362,10.645,8,0,1,3,18.9
2,260,13.564,15,0,2,0,9.1
3,57,13.983,31,1,2,0,1.2
1,377,12.086,17,0,0,3,6.6
1,49,11.376,25,1,0,0,21.9
1,214,13.471,35,0,0,2,15.7
1,153,11.136,24,0,1,0,3.0
0,194,12.155,42,1,2,2,24.1
1,505,13.983,43,0,0,3,13.6
1,283,12.519,17,0,1,2,13.8
1,396,13.849,33,0,1,0,7.7
1,482,11.148,43,0,1,1,3.5
2,104,13.312,7,0,0,0,1.8
2,101,11.409,28,0,2,0,10.8
0,366,14.057,36,1,0,0,7.7
0,218,11.24,5,1,2,0,22.6
0,219,11.125,42,0,0,3,13.1
2,49,14.725,9,1,0,2,13.2
1,237,12.562,4,0,1,3,5.1
1,236,12.74,40,0,2,2,26.2
0,270,12.568,36,1,1,1,27.2
0,497,12.774,28,1,0,3,25.2
1,289,14.548,37,1,1,2,14.6
2,500,15.75,19,0,1,0,16.6
3,3,12.983,38,0,2,0,5.1
0,323,13.236,6,1,2,3,21.9
1,274,13.206,29,0,1,0,25.5
1,327,13.889,38,0,0,2,3.6
0,335,10.006,40,1,0,2,1.6
3,24,11.217,29,0,2,2,9.7
0,361,9.457,46,1,2,2,16.3
1,522,14.431,38,0,0,2,5.2
2,95,9.55,33,0,2,0,24.5
0,421,11.705,40,1,1,0,26.4
0,420,12.166,30,1,2,1,5.1
2,92,10.551,30,0,0,3,25.3
0,335,12.27,25,1,2,2,9.0
1,350,10.961,7,0,2,0,8.2
0,434,14.612,3,1,0,2,19.4
1,288,13.586,35,0,1,2,22.1
1,183,15.181,18,1,2,2,15.8
2,396,13.393,11,0,2,2,10.1
0,423,14.558,20,1,1,3,8.2
0,146,13.736,38,1,1,1,19.0
1,512,13.272,27,0,0,3,11.6
1,241,14.504,23,1,2,0,12.7
2,13,11.403,28,0,0,1,26.7
1,243,13.018,34,0,2,0,16.8
0,295,11.25,45,1,1,0,18.3
0,336,10.249,44,0,0,2,22.8
0,126,12.181,5,1,0,3,11.6
2,209,14.941,4,0,2,2,11.7
3,45,13.294,42,0,0,1,24.8
1,424,12.77,41,0,0,3,17.4
2,178,13.464,27,0,2,3,16.3
1,497,13.156,44,0,2,3,22.0
0,274,12.278,5,1,1,0,7.3
2,538,12.723,40,0,2,0,4.2
3,2,14.453,20,0,2,3,28.3
1,187,11.361,47,0,0,0,1.7
1,399,11.819,43,0,0,3,18.9
1,234,11.723,19,0,0,0,29.0
1,346,10.453,30,1,1,0,10.4
3,7,14.295,24,1,2,2,11.3
3,75,11.177,46,0,2,2,9.8
2,84,11.725,9,0,1,0,22.9
1,494,12.725,2,0,2,1,20.0
1,462,14.543,49,1,2,0,12.7
0,211,11.181,23,1,2,3,25.2
1,139,12.28,1,0,1,2,20.7
1,197,12.825,1,0,1,1,2.3
1,151,13.502,18,0,0,2,19.5
2,159,14.393,10,0,1,3,28.9
3,73,15.756,49,0,0,2,8.1
1,182,13.523,36,0,0,2,3.9
0,224,11.992,35,1,0,0,28.6
2,51,12.255,26,1,1,3,28.2
1,357,13.014,27,0,1,1,24.0
0,452,9.0,34,0,0,2,16.9
1,171,13.397,4,1,1,0,20.2
2,56,13.427,40,1,1,0,12.0
0,286,12.666,38,0,0,1,13.8
2,358,12.226,17,0,2,0,5.5
1,312,12.675,23,0,2,3,24.9
0,453,12.14,2,1,0,2,24.6
3,19,14.996,16,1,2,1,25.3
1,286,13.162,22,0,0,1,27.5
1,432,11.112,16,0,0,0,18.2
2,142,12.628,43,0,1,2,17.4
0,252,10.037,29,1,0,2,8.9
0,332,11.784,28,1,2,2,21.1
0,234,10.452,3,1,0,1,18.6
0,401,13.097,47,1,0,1,13.4
1,483,13.986,10,1,2,1,26.0
0,518,10.265,27,1,0,1,25.3
3,19,11.165,19,0,2,0,28.6
1,499,12.103,19,0,2,2,29.8
0,253,12.898,37,1,1,2,7.4
0,520,14.172,6,1,1,2,10.8
0,170,10.53,39,1,2,1,21.5
3,72,13.086,47,0,1,3,17.7
1,530,14.641,46,0,0,0,22.2
0,329,10.866,43,1,1,2,13.3
0,523,10.158,21,1,1,2,17.6
2,69,13.29,18,1,1,2,29.1
0,409,11.14,49,1,2,1,19.0
3,33,17.337,7,1,2,3,25.4
0,184,15.298,4,1,0,2,24.0
0,433,13.782,21,1,2,1,3.0
0,236,11.266,49,1,1,3,22.7
1,95,12.955,13,1,0,3,20.7
2,420,13.602,33,0,2,2,21.6
3,64,14.168,4,0,2,2,3.9
1,421,15.498,49,1,1,0,21.1
0,354,13.486,20,1,1,1,1.5
0,474,12.094,16,1,1,3,13.2
0,349,9.279,46,1,2,2,11.0
0,238,9.905,23,1,1,1,4.5
3,19,12.536,8,0,0,1,5.6
1,199,14.395,19,0,1,0,10.6
1,336,15.182,14,1,2,2,29.2
1,511,13.957,28,0,1,1,17.9
2,291,15.783,40,0,0,0,2.3
1,179,15.845,47,1,1,1,20.5
1,103,11.212,3,0,0,1,19.9
0,526,11.78,44,1,0,1,17.3
0,481,12.758,33,1,1,3,5.8
3,0,13.7,35,0,0,3,26.6
0,180,14.429,11,1,2,2,29.0
1,309,14.474,46,0,1,2,10.7
1,167,13.175,3,1,1,0,27.0
2,386,14.648,40,0,1,3,2.1
0,520,12.567,44,1,0,0,5.8
1,107,14.104,6,1,1,1,9.1
2,272,14.465,18,0,1,0,16.1
2,125,13.092,37,0,1,0,26.2
2,45,12.708,33,1,2,0,20.2
1,510,15.017,10,1,1,1,9.7
0,206,10.669,33,1,1,3,3.9
1,356,11.4,20,0,0,0,8.8
1,177,13.272,38,0,2,0,26.1
1,293,10.176,8,0,2,3,21.7
0,166,11.143,16,1,1,3,22.5
1,496,13.538,25,0,0,3,19.8
1,354,13.224,47,0,0,3,11.8
1,294,14.918,25,0,0,2,19.0
0,531,13.77,42,1,0,2,1.5
3,52,12.788,1,0,0,3,18.1
0,537,12.469,31,1,1,3,2.2
2,313,14.011,37,0,2,0,22.7
0,308,12.4,27,1,1,0,10.3
3,60,13.968,44,0,1,2,27.3
1,282,12.932,17,0,0,0,10.6
1,232,13.022,5,0,0,3,19.5
1,189,10.22,28,0,2,3,18.7
1,311,11.839,8,0,2,2,15.5
1,436,14.676,14,1,1,2,14.1
2,246,14.418,42,0,2,1,20.1
0,247,12.392,11,0,0,3,6.1
0,343,12.132,23,1,2,2,4.9
3,28,14.206,34,1,2,2,7.9
0,376,12.501,2,1,0,3,28.8
2,82,11.994,19,0,2,2,21.9
1,225,12.098,45,0,0,2,15.1
0,170,10.518,10,1,2,2,20.9
1,131,14.377,44,1,2,3,9.2
1,295,13.226,37,1,2,2,13.2
1,506,13.544,21,0,2,1,26.4
2,452,14.508,40,0,1,3,6.1
1,478,11.95,39,0,0,2,18.9
0,385,12.014,15,1,1,3,7.9
1,122,12.521,5,1,2,0,18.6
1,212,15.319,19,1,0,0,25.4
1,141,13.01,2,1,1,2,1.3
2,129,11.053,11,0,2,2,16.2
2,78,14.037,15,1,0,0,14.8
1,538,13.988,29,0,2,1,25.8
0,143,14.053,6,1,0,3,5.2
2,139,13.858,40,0,1,2,17.0
2,75,12.658,46,0,1,3,3.0
2,128,13.112,6,0,0,3,6.2
0,366,12.567,8,1,1,1,15.3
1,85,13.622,13,1,1,0,12.2
1,539,10.502,27,0,1,2,25.7
1,237,11.717,1,0,0,3,29.7
1,407,14.492,22,1,2,1,6.6
3,22,13.074,26,0,0,2,13.0
1,449,13.607,4,0,0,0,19.7
0,332,12.665,43,1,2,1,1.9
1,366,10.952,30,0,0,0,12.5
0,432,13.403,8,1,0,3,2.8
1,357,9.866,41,0,2,0,19.6
0,272,12.101,29,1,2,2,16.1
0,182,11.265,39,1,0,1,22.9
2,79,11.002,25,0,1,2,5.4
1,416,13.337,34,0,1,0,17.6
3,59,12.727,24,0,0,3,11.1
2,155,16.202,27,1,2,3,17.8
3,81,12.137,13,0,2,3,1.0
0,230,13.532,46,1,2,2,5.4
0,270,10.543,8,1,0,3,13.6
1,268,10.942,40,0,1,1,27.3
0,464,13.381,32,1,0,2,22.1
0,381,11.118,27,0,0,0,5.1
2,150,11.882,18,0,2,2,13.4
3,23,14.199,35,1,2,1,15.0
0,482,13.099,36,1,2,1,2.6
2,103,13.725,37,0,1,2,14.3
1,433,12.492,11,0,2,1,28.6
1,535,11.285,34,0,0,3,13.5
1,145,12.855,30,1,2,1,23.2
1,370,13.659,40,0,1,3,15.0
1,317,14.024,42,0,0,3,2.7
2,364,14.544,48,0,2,1,15.8
0,455,12.444,30,0,0,1,7.9
3,55,14.902,6,0,1,2,26.3
1,176,13.9,22,0,2,3,1.3
1,350,12.824,38,0,1,0,10.1
2,479,13.151,26,0,2,1,19.0
2,22,11.276,24,1,1,2,11.7
1,194,14.244,12,0,0,3,29.8
1,170,13.416,16,1,2,2,3.8
0,124,12.579,3,1,0,1,11.5
0,512,12.848,9,1,1,3,13.8
0,523,10.115,27,1,0,0,0.9
1,170,12.993,8,0,0,0,25.6
1,459,14.812,48,0,2,0,21.8
1,151,13.563,15,0,0,1,19.9
0,181,12.046,47,1,0,3,12.0
1,268,13.019,31,0,1,0,4.8
1,418,12.036,33,0,1,1,3.7
1,373,13.965,34,0,2,1,15.0
2,64,12.199,6,0,0,0,10.1
2,309,13.805,1,0,2,3,4.5
0,380,9.0,13,1,2,3,25.0
1,127,11.004,33,0,1,3,28.5
2,429,16.568,25,0,0,0,5.1
1,449,12.23,42,0,1,2,4.8
1,455,9.74,23,0,0,1,22.9
3,71,11.535,2,0,2,0,25.2
0,517,14.256,1,1,1,3,3.4
0,241,10.753,23,1,0,2,9.3
1,282,13.921,3,0,1,2,11.4
0,458,13.083,7,1,1,1,20.0
1,497,10.505,47,0,0,3,12.2
2,69,14.906,27,1,0,1,7.8
1,169,10.693,32,0,1,1,3.1
2,50,12.857,24,1,1,1,13.6
1,403,13.791,14,0,0,0,2.9
3,86,14.072,10,0,0,0,9.4
0,172,14.084,11,1,2,2,18.4
0,393,12.479,10,1,1,0,13.9
3,42,18.0,16,0,1,2,9.7
3,20,13.868,16,0,0,2,12.7
1,515,12.199,20,0,1,2,3.5
1,278,14.04,7,0,2,2,10.8
3,47,15.426,31,1,1,1,24.6
2,200,13.6,21,0,2,3,11.5
1,535,13.363,20,0,0,1,18.4
2,57,11.667,14,0,0,2,4.3
0,324,12.139,6,1,1,2,12.9
1,411,14.075,32,0,0,3,16.0
0,352,14.327,45,1,0,1,0.8
1,420,13.121,18,0,2,0,30.0
0,352,13.172,29,1,2,1,14.6
1,530,11.429,16,0,1,3,8.4
0,300,12.345,43,1,2,0,13.3
0,185,12.07,29,1,2,0,26.6
1,264,10.576,36,0,0,0,14.2
0,305,12.248,21,1,2,0,15.6
2,252,11.961,22,0,2,0,24.7
2,125,11.921,6,0,2,3,18.5
2,77,10.108,1,0,1,2,27.3
1,519,9.991,26,0,1,2,3.4
0,146,12.386,43,1,1,0,28.0
3,2,11.496,3,0,2,0,12.6
2,180,13.482,30,0,2,2,5.0
1,487,11.092,1,0,1,1,1.8
2,41,14.791,42,1,0,3,18.1
1,284,13.717,3,0,1,0,28.7
1,126,12.349,15,1,1,0,28.8
2,502,13.577,5,0,2,0,20.8
1,362,12.337,45,0,0,3,10.8
0,153,12.461,42,1,2,2,6.2
1,207,13.432,35,0,1,0,28.8
1,144,15.308,6,1,0,1,11.2
0,458,14.535,15,1,0,1,9.1
0,339,10.624,4,1,2,3,4.3
0,201,11.309,4,1,0,0,5.0
1,447,12.4,3,0,1,3,21.8
1,286,13.931,14,0,2,3,18.7
0,342,14.55,21,1,0,2,1.7
0,371,13.153,49,1,1,0,28.7
1,200,12.673,47,0,0,1,2.5
1,494,13.163,36,0,1,0,0.8
1,390,14.892,15,1,0,3,10.7
2,358,15.376,39,0,0,3,29.1
2,23,9.527,27,1,2,1,9.3
1,164,13.022,19,0,0,3,22.0
1,286,14.166,38,1,1,0,21.4
1,440,13.138,45,0,1,1,26.0
2,185,14.007,17,0,1,0,24.6
3,66,13.177,40,0,1,0,12.7
1,67,11.833,44,1,0,3,19.4
2,25,10.02,32,1,2,2,25.7
2,46,12.979,17,1,0,0,4.4
1,375,13.151,23,0,1,3,16.8
1,272,12.835,15,0,0,0,27.9
1,428,15.715,48,0,0,3,7.0
2,239,14.054,41,0,2,2,4.0
2,201,14.353,13,0,2,2,26.7
1,161,12.633,3,0,0,1,19.4
2,80,10.184,35,0,1,3,9.1
1,277,13.255,42,0,0,2,20.9
2,531,14.458,17,0,1,0,4.5
0,410,13.023,39,1,0,2,21.1
2,487,14.287,20,0,2,0,1.4
0,322,10.197,26,1,1,0,8.4
2,47,14.852,21,1,0,2,24.4
0,274,13.263,10,1,1,2,23.7
0,360,11.532,40,0,1,1,14.9
2,43,9.079,46,1,1,1,2.2
2,55,13.962,27,1,0,0,15.1
1,259,14.379,44,1,2,1,8.5
1,129,12.357,41,0,0,2,13.1
0,218,12.598,6,1,2,3,1.8
3,40,10.84,8,0,2,0,29.2
2,68,12.98,4,1,1,3,28.5
1,273,13.006,47,0,1,1,26.8
1,94,11.569,17,1,1,3,26.1
0,519,11.035,10,1,2,3,25.6
2,9,11.518,27,1,0,0,28.6
2,517,13.523,3,0,2,1,7.7
3,26,14.796,27,1,2,0,11.7
2,132,11.053,33,0,1,2,4.3
1,390,15.365,26,0,0,3,29.3
2,516,15.883,46,0,0,1,29.9
2,486,13.766,20,0,1,0,16.4
1,403,15.38,1,1,1,0,12.8
1,335,14.001,23,0,0,2,7.3
1,128,9.0,34,0,0,0,22.8
0,162,12.848,23,1,2,1,4.1
1,324,14.347,49,0,1,1,21.3
1,502,15.26,19,0,0,0,13.3
2,98,16.061,11,1,0,1,14.2
1,376,10.407,20,0,0,0,7.8
1,370,12.931,13,0,1,3,17.3
2,429,14.582,49,0,2,1,4.1
0,432,13.553,43,1,0,2,3.9
1,294,11.328,48,0,2,3,28.0
1,448,12.921,26,1,2,3,15.9
1,189,11.154,5,0,1,2,26.5
1,414,12.489,38,0,2,0,11.2
1,93,12.01,34,1,0,0,15.2
1,292,15.47,45,1,2,0,9.7
1,499,10.479,13,0,0,1,28.3
1,222,9.249,33,0,1,2,21.3
0,175,11.324,30,1,2,3,28.8
0,242,9.842,28,1,1,2,19.4
3,256,15.877,42,0,2,3,18.2
0,436,11.024,18,0,0,0,27.9
2,464,13.511,30,0,1,0,17.0
2,22,11.688,26,1,1,2,10.4
3,97,15.312,17,0,2,1,18.4
1,134,12.963,47,1,1,1,15.6
0,135,12.395,10,1,1,3,18.0
0,229,11.206,37,0,0,2,12.4
2,346,14.905,49,0,0,2,6.3
1,454,13.586,34,0,0,3,27.2
3,51,14.962,5,0,2,1,7.2
1,448,16.912,29,1,1,1,27.4
2,398,16.354,1,0,2,2,5.0
0,478,11.778,11,0,2,1,24.2
1,282,11.514,21,0,0,2,16.4
0,490,13.338,13,1,0,1,13.0
0,123,10.878,38,1,1,1,26.3
2,76,11.471,46,0,1,3,17.4
2,506,14.289,13,0,0,3,14.9
0,377,13.208,28,1,1,3,19.5
1,331,13.216,9,0,1,3,17.2
2,397,13.878,5,0,1,0,29.6
1,48,12.108,39,1,0,1,24.5
2,428,13.741,30,0,1,0,10.6
1,539,15.426,17,1,2,1,22.0
1,221,11.614,13,0,2,3,9.9
0,522,11.856,37,1,1,2,14.9
0,187,9.901,33,1,1,0,7.2
2,367,13.95,26,0,1,1,12.6
1,345,15.975,43,1,1,1,1.7
3,2,11.984,43,0,1,2,23.0
1,63,11.16,6,1,1,2,3.3
1,428,13.582,46,0,0,2,16.0
0,235,14.067,4,1,0,3,24.6
0,460,12.235,3,1,1,0,28.8
1,454,10.901,6,0,1,3,29.7
0,389,13.463,22,1,1,2,25.9
1,117,14.965,36,1,0,2,7.2
3,7,9.644,19,0,0,0,11.4
1,124,11.625,29,0,1,3,19.2
3,11,13.992,46,1,1,1,26.4
0,232,12.819,22,1,1,2,21.3
0,394,11.95,12,1,2,1,15.9
1,514,11.925,5,0,2,0,20.9
1,224,11.699,37,0,0,0,20.9
0,525,13.358,11,1,1,1,16.2
3,26,10.824,19,0,1,0,22.4
3,26,9.593,2,0,0,1,17.2
0,468,14.252,28,1,0,1,16.0
3,7,16.628,46,0,2,3,25.5
0,236,10.605,31,1,2,1,25.9
1,419,16.217,4,1,0,1,23.9
1,321,13.585,41,0,0,1,20.2
2,58,14.558,41,1,1,3,23.8
2,463,15.338,37,0,2,3,22.8
1,256,12.149,43,0,0,3,23.9
2,319,14.059,13,0,2,3,6.5
1,264,12.712,17,0,1,3,18.5
0,341,13.708,15,1,2,1,8.8
1,105,14.273,1,1,1,3,20.5
2,51,11.396,17,1,2,0,14.3
0,325,13.539,28,1,2,0,11.0
0,399,12.964,33,1,1,1,4.0
3,2,12.004,11,0,1,1,23.5
1,84,11.138,12,1,1,2,11.9
0,271,9.875,24,0,1,1,10.8
3,9,14.243,8,1,1,0,8.3
0,450,9.665,31,1,2,2,26.0
1,527,13.277,27,0,2,1,3.3
1,294,16.196,9,0,0,3,24.3
0,481,11.723,6,1,1,1,23.7
3,397,15.527,6,0,2,1,17.6
0,131,12.155,3,1,2,1,21.6
1,71,12.593,10,1,1,0,29.5
0,415,14.084,38,1,2,3,18.6
1,124,12.656,38,0,0,2,13.9
0,445,9.804,44,1,0,2,12.3
0,428,12.521,47,1,0,2,0.6
1,225,13.023,47,0,0,0,22.6
1,171,13.597,48,1,0,0,5.6
0,173,13.905,36,1,2,2,20.4
1,529,13.126,25,1,2,1,17.3
2,0,12.717,15,1,1,2,8.5
0,395,11.141,26,1,2,3,19.9
1,279,9.787,16,0,2,2,18.2
0,312,9.0,1,0,1,1,9.5
0,496,13.379,17,1,2,2,20.2
3,23,13.889,12,0,0,0,6.2
1,305,13.326,26,0,0,1,11.7
1,88,12.479,36,1,1,2,19.3
1,488,13.071,12,0,1,1,21.0
1,323,12.615,41,0,1,1,4.3
3,54,11.455,2,0,2,2,23.7
1,425,12.738,4,1,2,0,7.7
1,387,13.717,8,0,1,2,0.5
1,183,10.398,19,0,2,3,4.5
0,344,12.001,42,1,1,0,16.6
2,246,14.239,17,0,1,1,21.3
0,457,12.434,21,0,0,2,16.1
1,396,9.0,21,0,0,0,7.8
1,378,14.76,19,0,1,1,27.9
0,321,12.686,14,1,0,3,8.4
0,273,12.947,17,1,2,3,8.0
0,247,14.735,7,1,0,0,22.0
2,95,14.962,22,1,1,0,29.8
2,32,12.453,37,1,2,0,24.4
1,397,12.595,30,0,2,2,25.1
1,169,12.095,34,0,2,3,5.3
2,161,14.236,9,0,0,0,25.4
0,455,13.438,26,1,1,3,15.8
2,517,15.104,28,0,2,3,18.2
1,456,10.775,29,0,2,3,28.9
3,120,13.692,31,0,1,3,12.9
3,89,13.702,15,0,1,0,15.8
1,353,9.351,46,0,1,2,24.8
3,46,13.452,29,0,1,3,17.5
2,363,13.324,36,0,1,0,11.8
1,215,13.319,16,0,0,2,9.8
0,249,14.203,5,1,1,1,1.4
1,212,13.023,4,1,2,1,16.0
2,147,13.943,30,0,2,1,27.4
3,61,14.476,26,0,2,1,8.0
1,444,13.826,35,0,0,1,7.6
2,60,13.028,12,0,1,1,29.3
2,443,14.074,5,0,0,0,4.4
0,317,13.798,20,1,2,1,1.6
0,428,12.343,5,1,2,3,9.1
3,15,13.633,14,0,2,2,4.6
1,367,10.151,5,0,1,1,2.4
0,326,11.348,18,1,0,0,1.3
0,327,10.461,43,1,0,2,0.5
2,365,14.767,25,0,2,3,9.5
2,347,14.489,17,0,2,2,17.7
1,520,13.24,21,0,1,1,2.2
1,152,12.369,49,1,0,0,8.5
0,482,12.11,16,0,0,1,27.6
0,421,13.049,37,1,1,2,8.0
2,88,12.876,24,1,0,1,2.5
2,23,13.324,3,1,2,1,4.8
1,211,9.584,16,0,2,2,2.5
1,242,15.636,43,1,0,3,11.3
2,237,16.048,41,0,1,2,17.1
2,21,12.271,35,1,2,0,13.6
0,458,10.98,2,1,2,3,9.9
2,249,13.818,39,0,1,3,26.1
0,529,13.411,8,1,2,3,20.0
3,75,11.937,49,0,1,2,3.7
0,524,10.146,30,1,0,3,12.2
1,444,12.597,46,0,2,0,2.0
1,445,12.15,32,0,1,3,3.9
1,241,11.424,28,0,0,2,5.9
1,489,15.494,47,0,0,2,26.3
0,411,13.141,30,1,1,2,8.1
2,278,12.625,28,0,0,2,0.9
1,153,13.483,39,1,0,1,17.1
1,197,14.67,19,1,1,3,6.7
2,72,10.499,28,0,1,1,5.1
0,521,10.798,47,0,2,1,28.6
1,531,9.926,44,0,2,2,29.8
0,417,12.854,46,1,2,1,17.0
2,233,14.013,41,0,2,1,19.1
2,132,14.64,2,0,2,3,14.7
0,498,12.918,49,0,0,0,23.1
2,396,15.173,13,0,1,1,3.4
0,454,13.405,14,1,2,3,4.7
2,271,14.998,35,0,1,1,7.6
0,305,11.542,12,1,2,2,7.0
0,518,14.58,41,1,0,1,2.1
0,148,12.905,27,1,0,1,9.0
1,136,11.637,43,1,2,0,7.6
1,404,15.296,29,1,0,3,9.5
2,320,15.483,31,0,2,2,14.2
0,369,14.57,6,1,1,3,17.4
0,258,10.803,37,1,1,3,8.9
0,268,12.764,47,1,2,1,22.6
2,87,12.27,22,0,2,3,24.1
2,149,13.633,20,0,1,3,7.0
2,378,14.184,9,0,2,0,10.7
0,459,11.495,8,1,2,1,6.7
0,247,12.734,35,1,0,3,20.6
2,12,12.583,33,1,0,2,2.5
1,196,13.408,4,0,1,2,26.0
2,28,12.815,17,1,0,1,23.9
0,361,13.37,32,1,0,1,6.6
0,459,15.894,38,1,1,3,12.2
0,207,12.251,37,1,1,3,18.1
0,415,11.048,13,1,1,1,1.6
1,376,15.541,3,0,0,1,5.6
2,16,13.68,28,1,2,2,5.3
1,460,13.377,11,0,2,3,20.9
1,507,11.648,31,0,2,2,27.4
0,248,11.619,6,1,1,2,26.1
0,424,13.047,20,1,1,0,20.6
3,29,13.156,25,0,1,1,2.7
1,460,12.365,34,0,0,0,5.8
1,155,10.884,44,0,0,1,1.6
0,439,13.462,12,1,1,3,3.2
2,424,14.479,16,0,2,1,4.8
1,299,13.058,5,1,2,1,20.5
1,169,16.932,48,1,2,1,24.9
0,287,10.942,15,1,0,2,5.1
0,248,10.796,10,0,0,1,16.7
0,368,13.391,25,1,2,2,23.6
1,394,15.729,42,1,1,3,5.6
1,180,13.145,41,0,2,1,25.7
0,436,11.834,9,0,0,3,29.4
0,493,12.836,15,1,2,1,11.8
0,434,11.141,47,1,1,0,1.4
2,234,14.117,40,0,0,0,16.3
1,370,10.141,28,0,2,2,9.3
0,288,10.685,8,1,1,2,21.6
0,453,10.904,27,1,0,1,18.2
0,197,11.536,43,0,0,2,21.1
3,5,13.656,5,1,2,1,15.3
0,240,13.05,22,1,2,0,21.3
0,353,9.511,5,1,0,0,5.2
0,418,12.368,23,1,1,0,5.1
1,481,15.086,9,1,2,1,4.4
2,388,15.193,3,0,2,2,11.2
0,532,13.776,31,1,1,1,14.3
2,187,13.53,44,0,1,0,18.4
2,75,12.417,38,1,1,0,4.3
2,75,15.284,29,1,2,1,6.1
0,422,12.354,11,1,0,0,14.2
2,51,13.74,31,1,2,1,24.6
3,22,13.055,30,1,2,1,17.3
0,211,12.989,14,1,2,2,4.3
0,451,12.291,9,1,1,0,20.8
1,102,10.999,16,0,0,2,1.7
0,484,11.995,5,1,0,0,26.6
3,27,13.259,49,0,2,3,4.4
1,299,16.278,44,1,2,2,10.4
0,259,9.628,37,0,1,1,26.5
1,281,12.341,46,0,0,2,3.4
0,357,11.623,3,1,0,3,6.3
0,532,12.964,46,1,0,2,0.7
0,279,12.296,3,1,1,1,1.8
3,28,13.813,41,0,0,2,13.8
1,472,11.825,28,0,0,2,4.9
2,2,13.924,26,1,1,2,29.4
1,401,14.006,27,1,0,0,3.1
3,122,14.695,30,0,2,0,22.6
2,340,15.06,20,0,2,0,27.2
1,461,10.799,37,0,2,3,13.2
1,86,13.551,41,1,2,3,19.9
0,342,13.238,41,1,1,3,10.0
1,137,13.013,26,0,1,1,18.9
0,313,13.964,39,1,1,2,2.2
2,317,13.379,31,0,1,0,27.4
1,22,12.062,7,1,1,3,17.5
1,306,13.002,29,0,0,1,27.2
0,352,12.014,45,1,0,3,13.9
1,415,12.393,39,0,1,2,8.3
1,266,11.559,37,0,2,2,6.4
0,383,14.811,18,1,1,1,29.7
0,379,9.0,21,0,1,2,8.4
1,269,12.705,2,0,2,2,15.7
0,483,12.888,1,1,0,2,18.4
0,350,12.383,9,1,1,2,6.0
2,465,12.529,38,0,2,0,2.9
0,430,10.021,2,0,0,3,19.7
0,463,14.187,27,1,0,1,8.8
3,35,13.083,11,1,1,0,12.0
2,240,12.986,5,0,1,3,20.2
1,511,13.451,43,0,1,2,6.3
1,377,15.037,23,1,0,1,15.2
2,197,15.876,16,0,0,1,7.8
0,262,11.833,34,1,1,2,2.4
1,146,14.139,38,1,0,1,8.4
0,400,13.318,16,1,0,1,25.6
2,166,12.997,6,0,1,3,23.7
2,109,14.92,12,1,2,1,10.0
1,460,14.33,36,1,1,2,14.3
3,13,13.344,49,1,2,0,6.2
1,201,13.289,30,0,2,0,11.6
3,83,11.606,24,0,0,1,11.5
2,132,15.94,21,1,1,2,13.9
2,11,11.298,21,1,1,3,15.5
2,96,12.548,10,0,2,2,13.6
2,75,13.968,7,0,0,0,19.0
0,469,13.811,39,1,2,3,27.3
2,50,11.209,43,0,2,2,22.1
2,154,12.418,44,0,0,0,3.5
1,242,15.023,4,0,0,2,11.1
1,257,14.047,45,0,1,2,5.2
2,78,11.333,10,1,1,0,27.5
0,528,13.646,3,1,0,0,22.2
3,82,14.344,11,0,1,2,22.5
1,534,12.999,2,0,2,0,28.3
0,474,11.25,37,1,0,2,12.3
2,472,15.592,16,0,1,3,7.8
0,126,11.223,34,1,0,1,4.8
0,491,12.767,26,1,1,0,18.2
1,390,10.887,10,0,1,3,8.6
3,64,15.302,25,1,1,2,27.3
0,153,10.257,40,1,1,1,29.7
1,536,11.89,26,0,1,3,22.0
1,352,15.065,8,1,0,2,26.3
3,22,13.774,6,0,2,0,16.8
2,485,13.572,10,0,2,3,25.8
0,208,12.553,45,1,1,0,15.9
1,226,13.816,22,1,0,3,4.0
3,11,12.228,25,0,2,2,22.8
3,87,11.62,49,0,2,0,10.9
2,506,17.5,45,1,2,3,22.3
1,318,14.593,41,0,0,1,9.0
2,373,16.819,49,0,1,1,1.5
3,64,17.495,42,0,2,0,18.2
1,241,9.137,35,0,2,3,6.2
2,37,13.518,21,1,0,2,10.7
2,15,15.067,38,1,1,2,27.3
0,376,14.228,42,1,2,3,21.7
2,64,13.88,33,1,0,1,21.9
1,464,11.261,37,0,0,0,12.1
0,314,14.16,31,1,1,0,12.6
3,481,17.495,29,0,2,2,23.2
3,65,13.528,20,0,0,1,7.1
0,362,12.817,11,1,2,2,15.2
2,299,13.7,35,0,1,3,14.5
0,537,13.475,18,1,1,3,5.9
1,372,12.407,38,0,1,0,26.4
0,316,12.586,40,1,2,1,4.3
2,94,10.733,20,0,1,3,28.7
0,182,12.069,22,0,0,1,5.0
2,221,14.272,2,0,0,3,23.6
3,81,14.031,34,0,1,1,21.3
0,510,13.086,28,1,2,1,12.8
2,149,12.907,35,0,2,3,10.3
1,167,13.109,34,0,1,3,19.0
1,401,13.629,30,0,1,3,19.6
1,271,12.153,3,0,2,2,19.9
1,45,13.018,11,1,0,0,19.0
0,364,13.631,14,1,1,3,24.6
0,525,11.101,45,1,2,2,23.3
2,89,15.427,29,1,1,3,18.4
0,257,14.643,31,1,0,2,18.4
0,436,13.537,28,1,2,2,28.9
1,487,15.736,29,1,1,2,20.9
1,295,13.613,6,0,0,2,1.2
2,467,16.543,28,0,0,1,8.8
3,55,12.014,28,0,0,1,13.8
2,426,14.864,40,0,0,1,10.8
1,361,13.062,45,0,2,2,6.5
1,443,12.064,1,0,0,1,4.9
1,420,16.214,39,1,1,2,3.3
1,477,14.881,40,0,0,0,13.1
1,524,11.838,49,0,1,2,13.8
2,331,15.364,8,0,0,3,18.0
0,317,10.075,4,1,2,2,1.2
1,272,13.037,9,0,0,1,5.2
3,93,15.545,21,0,0,3,11.1
2,301,13.05,43,0,2,2,4.8
1,507,11.598,48,0,2,2,9.1
0,351,12.832,42,1,0,2,18.4
1,504,12.61,13,0,1,3,22.8
2,11,14.045,40,1,0,1,1.9
1,133,12.077,31,1,2,1,16.7
0,500,14.714,21,1,0,0,8.9
1,148,11.559,40,0,1,2,7.1
2,59,13.977,26,1,1,3,12.7
0,505,13.728,27,1,1,3,25.2
2,36,10.831,20,1,2,1,27.4
3,48,12.846,30,0,1,2,28.7
0,456,13.39,17,1,0,1,12.9
1,404,11.915,26,0,1,0,26.8
0,466,13.882,33,1,1,1,19.3
1,423,12.438,35,0,0,0,10.9
2,423,16.137,46,0,0,3,2.5
1,399,12.277,31,0,1,3,26.0
1,83,13.635,1,1,1,2,27.7
1,160,12.189,23,0,0,0,18.9
1,242,14.227,39,1,0,0,1.0
2,517,15.73,31,0,1,0,3.7
1,475,13.312,10,0,0,2,1.2
0,416,12.347,44,1,1,3,24.7
0,518,11.161,32,1,0,0,23.0
0,305,13.585,41,1,1,3,12.6
3,13,11.279,23,0,2,3,22.9
0,323,14.548,45,1,0,3,12.7
3,30,14.646,20,0,0,2,0.7
1,412,10.383,28,0,1,0,10.4
0,235,12.677,8,0,0,2,19.5
1,158,11.639,3,0,0,3,12.1
3,82,13.164,41,0,1,3,17.4
0,272,13.724,12,1,0,0,19.7
1,263,11.761,38,0,2,0,6.5
1,17,9.628,28,1,0,3,4.5
3,9,12.736,19,0,1,1,12.9
0,266,12.83,49,1,1,3,7.9
0,253,12.758,22,1,0,1,8.7
1,495,12.699,22,0,2,0,5.9
1,298,12.216,34,0,1,3,6.4
1,196,13.544,38,0,1,2,4.9
1,425,13.204,4,0,2,2,16.9
0,127,12.14,23,1,2,1,27.5
0,460,10.215,23,1,2,1,3.4
0,157,13.663,23,1,0,1,22.7
1,229,15.12,11,0,2,2,22.5
1,406,11.713,13,0,0,0,1.3
0,244,12.069,18,1,1,3,25.4
2,62,13.177,10,1,1,3,3.8
0,222,10.795,12,1,1,2,12.7
3,116,13.783,42,0,1,2,8.0
1,109,13.189,33,1,2,3,13.2
1,374,9.289,25,0,0,1,3.6
2,225,11.251,37,0,2,2,22.1
1,294,12.405,16,0,1,2,8.2
1,476,13.043,47,0,1,3,26.4
2,195,12.005,13,0,1,0,22.3
3,45,13.797,44,0,1,2,8.4
2,36,13.619,8,1,2,1,2.3
1,64,11.886,9,1,1,2,5.1
2,44,13.652,46,1,0,3,20.5
3,12,10.274,21,1,1,2,5.1
1,90,12.31,27,1,1,2,6.5
1,109,13.648,25,1,0,2,22.5
2,390,13.062,24,0,2,3,22.3
0,256,13.989,13,1,1,3,24.4
0,468,15.07,14,1,2,1,22.2
2,461,13.888,13,0,0,1,11.3
1,203,13.234,42,1,2,0,24.4
1,468,12.217,41,0,1,1,27.4
1,231,13.72,11,1,2,0,4.8
1,70,13.626,26,1,1,3,17.7
3,39,13.168,20,0,1,0,1.8
2,53,14.973,26,1,1,3,15.7
0,519,13.175,41,1,1,0,29.4
0,341,13.284,47,1,2,0,24.6
0,491,11.693,20,1,1,1,8.2
0,266,11.861,14,1,0,0,26.3
0,497,12.832,12,1,0,3,17.3
1,397,13.495,11,0,0,3,26.6
1,220,11.222,27,0,1,1,19.9
3,48,14.454,11,1,2,0,11.8
0,187,12.21,29,1,1,0,18.3
2,380,13.785,5,0,1,0,7.5
1,531,11.545,17,0,1,1,14.4
2,239,12.622,3,0,2,2,4.8
1,240,16.296,24,1,2,2,16.1
1,409,14.017,48,0,0,0,7.9
0,502,10.491,15,1,2,2,15.2
2,254,14.943,15,0,1,1,6.9
1,149,14.023,14,1,1,0,5.9
2,346,16.206,16,0,1,1,14.5
0,286,11.38,5,1,1,3,13.9
3,64,13.437,41,0,0,0,15.5
0,276,11.49,39,0,1,0,25.8
0,430,12.836,21,1,0,2,22.7
1,97,13.981,36,1,0,3,27.5
2,53,13.461,48,0,0,1,20.8
2,72,13.003,38,1,1,1,21.0
1,422,13.158,44,0,0,2,23.0
0,280,13.06,37,1,0,2,2.3
3,91,13.883,42,0,1,0,21.6
1,41,11.268,43,1,0,1,25.0
1,439,12.5,15,0,0,0,13.0
1,118,13.09,27,1,1,1,0.9
1,253,10.763,14,1,2,3,8.2
0,245,13.838,19,1,0,0,1.6
2,529,13.04,9,0,2,2,2.2
1,161,14.179,29,1,0,0,8.1
1,130,13.831,34,1,0,0,11.1
2,112,15.347,31,1,0,0,2.3
1,265,9.0,15,0,2,1,11.7
0,539,13.933,5,1,0,2,3.6
2,322,12.864,32,0,2,2,24.1
1,534,13.599,34,0,2,1,25.3
1,256,12.804,22,0,1,2,2.5
2,319,13.453,16,0,2,2,6.4
3,10,13.764,9,1,1,3,3.8
0,274,11.424,10,1,2,1,3.6
1,472,13.126,30,0,0,2,21.0
0,249,11.28,31,1,1,1,7.1
1,387,11.918,44,0,2,2,24.9
0,453,10.408,37,1,0,3,9.6
0,283,15.093,9,1,0,3,24.7
2,298,13.152,8,0,1,1,20.1
2,157,15.326,49,0,0,1,21.5
0,378,12.948,9,1,2,2,25.6
0,340,11.292,32,1,0,2,22.1
2,433,15.938,5,0,2,2,10.3
0,402,12.872,47,1,0,0,22.4
1,143,13.273,7,1,2,0,8.6
3,81,15.871,26,0,0,1,18.2
2,153,14.386,46,0,2,3,7.8
3,61,12.722,25,0,0,1,3.3
3,7,12.06,7,0,2,3,4.5
2,187,16.53,13,0,0,1,13.4
3,35,13.209,27,0,2,1,20.3
1,463,11.527,5,0,2,2,30.0
2,18,12.492,41,1,1,1,9.6
1,211,10.749,21,0,1,3,8.6
1,76,14.537,2,1,0,3,14.4
1,309,16.799,34,1,2,2,28.9
1,398,15.857,19,0,0,2,23.6
0,340,13.635,34,1,0,1,3.8
0,343,12.674,44,1,0,3,18.5
2,80,11.781,37,1,2,1,19.7
2,391,15.98,12,0,2,2,8.3
1,95,13.72,4,1,2,2,11.4
1,267,9.836,7,0,2,2,0.6
0,263,12.509,35,1,0,2,25.9
0,150,11.903,39,1,2,2,5.6
2,48,12.621,8,1,2,3,11.5
1,134,13.75,46,1,0,3,8.2
0,273,11.795,6,0,0,3,7.5
2,65,13.06,19,1,1,2,6.3
0,144,12.417,10,1,1,3,21.8
3,19,14.397,44,1,2,0,17.2
0,446,13.366,32,1,1,1,5.4
1,172,13.359,48,0,0,1,14.0
2,449,13.348,18,0,1,0,24.7
1,442,14.168,25,0,2,3,26.0
0,260,13.252,22,1,1,1,5.1
1,303,11.279,3,0,2,0,4.1
0,505,9.383,36,0,0,0,26.4
1,500,11.087,49,0,0,2,10.9
1,526,13.093,2,0,1,2,9.4
3,24,14.814,48,1,0,0,8.1
0,238,13.005,25,1,2,1,20.0
0,538,12.33,7,1,0,3,0.9
1,443,13.09,17,0,1,3,27.5
0,174,13.108,32,1,0,2,13.3
1,422,13.821,14,0,2,2,9.6
1,432,12.648,9,0,1,3,11.2
1,423,12.955,2,0,0,1,18.2
1,330,13.851,49,0,0,1,19.7
3,3,13.697,21,1,2,0,21.5
1,55,12.34,7,1,0,1,6.3
0,436,15.355,33,1,1,1,16.9
0,472,12.162,46,0,0,0,26.8
1,446,13.113,19,0,1,3,21.4
1,56,11.732,45,1,1,0,22.3
2,452,14.463,26,0,2,1,17.0
3,75,13.525,4,0,2,0,7.0
1,383,12.26,24,0,0,0,0.6
2,298,13.901,49,0,0,1,14.0
1,496,14.955,34,1,2,1,29.2
1,78,11.398,31,1,1,1,20.9
2,98,11.367,2,0,1,2,25.9
2,81,15.11,42,1,2,0,22.2
3,59,13.873,32,0,1,0,7.8
1,342,12.754,19,0,1,0,1.9
1,399,14.54,19,0,0,2,3.4
1,252,14.2,47,0,1,1,27.0
2,52,12.859,7,1,0,0,4.7
2,99,11.671,37,0,2,1,16.1
0,351,12.912,1,1,1,0,3.9
1,431,12.951,18,0,0,2,8.4
0,142,13.965,37,1,0,2,22.7
0,209,12.194,9,0,1,3,27.1
0,396,13.117,11,1,0,1,22.6
1,364,10.347,14,0,0,2,26.3
3,389,16.567,28,0,2,0,23.3
1,284,12.066,3,0,1,1,2.7
2,158,13.101,43,0,2,1,0.7
3,15,13.763,35,1,1,1,27.0
1,421,12.843,16,1,2,3,14.5
3,6,13.212,25,0,1,1,26.7
3,50,13.086,40,0,1,0,29.8
3,92,15.242,48,0,2,0,29.9
2,291,15.52,28,0,2,3,15.6
1,286,11.593,5,0,0,2,15.0
1,459,12.651,15,0,2,3,23.9
0,163,9.0,31,1,2,1,2.0
0,454,11.105,48,0,1,1,14.2
1,204,13.564,17,1,1,0,24.0
1,341,14.196,46,1,2,2,21.3
1,377,11.51,38,0,1,3,11.2
2,51,13.109,28,1,0,0,19.2
3,20,12.478,7,0,2,3,3.0
0,441,14.541,35,1,1,1,22.9
0,534,13.708,3,1,1,0,27.6
2,132,10.493,39,0,2,2,16.8
3,61,12.462,25,0,1,0,27.9
1,413,13.89,46,1,1,1,24.7
0,370,13.746,9,1,1,0,26.5
0,416,12.557,31,1,0,0,17.1
1,330,12.516,20,0,0,2,11.4
0,287,13.583,20,1,1,2,5.5
0,507,10.493,26,1,2,0,20.5
3,73,13.379,29,0,2,3,18.7
1,442,9.249,36,0,0,3,28.7
1,240,13.134,11,0,2,2,1.7
2,126,10.977,17,0,2,1,13.8
0,296,9.359,47,1,1,1,4.6
1,291,13.513,18,0,1,0,23.3
0,387,11.285,20,1,2,3,29.9
0,454,10.623,12,1,0,1,12.1
0,233,11.523,22,1,1,3,11.8
1,478,16.077,40,1,1,3,1.3
0,216,11.736,49,0,0,2,16.2
1,499,14.177,39,1,2,3,10.7
3,436,17.572,16,0,2,0,5.2
2,504,15.082,46,0,2,3,9.7
0,263,10.588,20,1,1,0,20.7
0,301,11.94,15,1,1,1,18.0
1,89,12.763,10,1,2,2,21.9
3,107,14.234,13,0,0,2,4.3
1,220,11.251,1,0,0,2,0.8
0,293,9.627,37,0,0,3,10.1
3,4,12.574,47,0,1,3,7.2
1,151,13.776,4,1,1,0,21.7
3,31,12.925,36,0,2,0,10.9
3,3,13.412,12,0,0,2,14.1
2,410,15.766,35,0,0,2,3.1
0,315,11.722,34,1,2,0,7.1
0,389,16.721,27,1,0,1,17.6
1,77,12.415,12,0,0,1,25.1
2,264,13.141,11,0,2,0,26.4
2,398,15.451,42,0,1,0,21.7
0,225,10.484,40,1,0,1,5.7
0,434,10.432,5,1,1,0,9.4
1,167,11.418,17,0,0,0,25.1
0,402,11.204,8,1,2,0,29.8
0,173,11.472,3,1,1,2,13.1
1,243,9.404,32,0,2,2,18.4
2,91,12.071,26,0,2,1,13.2
3,34,14.818,38,0,0,3,19.2
1,118,14.219,46,1,0,3,12.1
1,484,11.715,29,0,1,1,16.4
1,100,12.506,7,1,0,2,29.6
1,77,12.842,26,1,0,2,17.6
1,471,10.646,45,0,2,0,25.3
3,62,12.938,1,0,1,0,25.0
2,69,12.375,9,0,0,2,27.8
1,77,9.102,1,1,0,3,15.5
1,45,10.816,18,1,1,1,29.4
0,344,11.211,41,1,1,0,5.1
0,258,12.661,45,1,1,0,1.3
1,327,13.476,12,0,1,1,2.1
1,234,9.973,35,0,1,0,28.0
1,220,11.359,12,0,1,0,15.0
1,128,12.979,41,1,0,2,10.6
3,125,16.696,4,0,2,2,23.4
1,432,14.111,25,1,2,1,19.4
1,308,14.319,14,1,2,3,6.4
0,362,11.492,36,1,2,1,10.6
2,69,14.291,43,1,2,0,16.9
0,413,14.362,7,1,1,3,10.1
2,162,14.871,17,1,2,0,4.9
0,318,11.195,22,1,1,0,25.1
3,32,13.878,5,0,0,3,10.3
1,369,11.797,46,0,1,2,20.7
1,291,10.765,3,0,2,1,6.7
1,106,14.026,25,1,0,3,2.1
2,27,11.396,30,1,1,0,24.0
0,222,12.509,5,1,1,3,13.7
1,174,13.469,24,0,2,1,18.4
1,506,13.624,29,0,0,0,0.7
0,446,13.506,7,1,0,0,1.1
3,64,10.103,45,0,2,2,11.1
0,487,13.182,21,1,1,2,14.6
3,45,14.232,10,0,2,1,30.0
2,66,11.076,6,1,2,0,1.9
3,35,13.913,41,0,1,1,24.5
3,5,14.625,6,0,0,3,21.6
1,457,11.035,3,0,1,1,5.9
1,300,12.646,5,0,0,1,24.6
0,342,9.0,28,0,1,3,25.7
2,277,14.244,8,0,2,3,23.7
0,408,13.438,32,1,1,0,26.5
